country,iso_year,iso_week_number,epiweek,freq,freq_time,new_hospitalization,new_icu,ISO_3_CODE,WHO_REGION
BULGARIA,2020,22,2020-06-01,weekly,1,26,,BGR,EURO
BULGARIA,2020,23,2020-06-08,weekly,1,209,,BGR,EURO
BULGARIA,2020,24,2020-06-15,weekly,1,191,,BGR,EURO
BULGARIA,2020,25,2020-06-22,weekly,1,259,,BGR,EURO
BULGARIA,2020,26,2020-06-29,weekly,1,246,,BGR,EURO
BULGARIA,2020,27,2020-07-06,weekly,1,319,,BGR,EURO
BULGARIA,2020,28,2020-07-13,weekly,1,382,,BGR,EURO
BULGARIA,2020,29,2020-07-20,weekly,1,445,,BGR,EURO
BULGARIA,2020,30,2020-07-27,weekly,1,474,,BGR,EURO
BULGARIA,2020,31,2020-08-03,weekly,1,489,,BGR,EURO
BULGARIA,2020,32,2020-08-10,weekly,1,417,,BGR,EURO
BULGARIA,2020,33,2020-08-17,weekly,1,351,,BGR,EURO
BULGARIA,2020,34,2020-08-24,weekly,1,363,,BGR,EURO
BULGARIA,2020,35,2020-08-31,weekly,1,409,,BGR,EURO
BULGARIA,2020,36,2020-09-07,weekly,1,291,,BGR,EURO
BULGARIA,2020,37,2020-09-14,weekly,1,328,,BGR,EURO
BULGARIA,2020,38,2020-09-21,weekly,1,361,,BGR,EURO
BULGARIA,2020,39,2020-09-28,weekly,1,447,,BGR,EURO
BULGARIA,2020,40,2020-10-05,weekly,1,662,,BGR,EURO
BULGARIA,2020,41,2020-10-12,weekly,1,869,,BGR,EURO
BULGARIA,2020,42,2020-10-19,weekly,1,1370,,BGR,EURO
BULGARIA,2020,43,2020-10-26,weekly,1,1843,,BGR,EURO
BULGARIA,2020,44,2020-11-02,weekly,1,3177,,BGR,EURO
BULGARIA,2020,45,2020-11-09,weekly,1,4313,,BGR,EURO
BULGARIA,2020,46,2020-11-16,weekly,1,5035,,BGR,EURO
BULGARIA,2020,47,2020-11-23,weekly,1,5710,,BGR,EURO
BULGARIA,2020,48,2020-11-30,weekly,1,5675,,BGR,EURO
BULGARIA,2020,49,2020-12-07,weekly,1,5159,,BGR,EURO
BULGARIA,2020,50,2020-12-14,weekly,1,4309,,BGR,EURO
BULGARIA,2020,51,2020-12-21,weekly,1,2687,,BGR,EURO
BULGARIA,2020,52,2020-12-28,weekly,1,2485,,BGR,EURO
BULGARIA,2021,1,2021-01-04,weekly,1,2173,,BGR,EURO
BULGARIA,2021,2,2021-01-11,weekly,1,1484,,BGR,EURO
BULGARIA,2021,3,2021-01-18,weekly,1,1191,,BGR,EURO
BULGARIA,2021,4,2021-01-25,weekly,1,1606,,BGR,EURO
BULGARIA,2021,5,2021-02-01,weekly,1,1891,,BGR,EURO
BULGARIA,2021,6,2021-02-08,weekly,1,2068,,BGR,EURO
BULGARIA,2021,7,2021-02-15,weekly,1,2314,,BGR,EURO
BULGARIA,2021,8,2021-02-22,weekly,1,3078,,BGR,EURO
BULGARIA,2021,9,2021-03-01,weekly,1,3812,,BGR,EURO
BULGARIA,2021,10,2021-03-08,weekly,1,4985,,BGR,EURO
BULGARIA,2021,11,2021-03-15,weekly,1,6335,,BGR,EURO
BULGARIA,2021,12,2021-03-22,weekly,1,7034,,BGR,EURO
BULGARIA,2021,13,2021-03-29,weekly,1,7484,,BGR,EURO
BULGARIA,2021,14,2021-04-05,weekly,1,6851,,BGR,EURO
BULGARIA,2021,15,2021-04-12,weekly,1,5671,,BGR,EURO
BULGARIA,2021,16,2021-04-19,weekly,1,4859,,BGR,EURO
BULGARIA,2021,17,2021-04-26,weekly,1,3593,,BGR,EURO
BULGARIA,2021,18,2021-05-03,weekly,1,2692,,BGR,EURO
BULGARIA,2021,19,2021-05-10,weekly,1,2227,,BGR,EURO
BULGARIA,2021,20,2021-05-17,weekly,1,1437,,BGR,EURO
BULGARIA,2021,21,2021-05-24,weekly,1,983,,BGR,EURO
BULGARIA,2021,22,2021-05-31,weekly,1,627,,BGR,EURO
BULGARIA,2021,23,2021-06-07,weekly,1,452,,BGR,EURO
BULGARIA,2021,24,2021-06-14,weekly,1,437,,BGR,EURO
BULGARIA,2021,25,2021-06-21,weekly,1,246,,BGR,EURO
BULGARIA,2021,26,2021-06-28,weekly,1,222,,BGR,EURO
BULGARIA,2021,27,2021-07-05,weekly,1,170,,BGR,EURO
BULGARIA,2021,28,2021-07-12,weekly,1,190,,BGR,EURO
BULGARIA,2021,29,2021-07-19,weekly,1,219,,BGR,EURO
BULGARIA,2021,30,2021-07-26,weekly,1,318,,BGR,EURO
BULGARIA,2021,31,2021-08-02,weekly,1,640,,BGR,EURO
BULGARIA,2021,32,2021-08-09,weekly,1,1154,,BGR,EURO
BULGARIA,2021,33,2021-08-16,weekly,1,1937,,BGR,EURO
BULGARIA,2021,34,2021-08-23,weekly,1,2758,,BGR,EURO
BULGARIA,2021,35,2021-08-30,weekly,1,3380,,BGR,EURO
BULGARIA,2021,36,2021-09-06,weekly,1,3307,,BGR,EURO
BULGARIA,2021,37,2021-09-13,weekly,1,3559,,BGR,EURO
BULGARIA,2021,38,2021-09-20,weekly,1,3536,,BGR,EURO
BULGARIA,2021,39,2021-09-27,weekly,1,3559,,BGR,EURO
BULGARIA,2021,40,2021-10-04,weekly,1,3922,,BGR,EURO
BULGARIA,2021,41,2021-10-11,weekly,1,4327,,BGR,EURO
BULGARIA,2021,42,2021-10-18,weekly,1,4958,,BGR,EURO
BULGARIA,2021,43,2021-10-25,weekly,1,5940,,BGR,EURO
BULGARIA,2021,44,2021-11-01,weekly,1,5891,,BGR,EURO
BULGARIA,2021,45,2021-11-08,weekly,1,5522,,BGR,EURO
BULGARIA,2021,46,2021-11-15,weekly,1,4682,,BGR,EURO
BULGARIA,2021,47,2021-11-22,weekly,1,4073,,BGR,EURO
BULGARIA,2021,48,2021-11-29,weekly,1,3666,,BGR,EURO
BULGARIA,2021,49,2021-12-06,weekly,1,3111,,BGR,EURO
BULGARIA,2021,50,2021-12-13,weekly,1,2721,,BGR,EURO
BULGARIA,2021,51,2021-12-20,weekly,1,2270,,BGR,EURO
BULGARIA,2021,52,2021-12-27,weekly,1,2666,,BGR,EURO
BULGARIA,2022,1,2022-01-03,weekly,1,3580,,BGR,EURO
BULGARIA,2022,2,2022-01-10,weekly,1,3530,,BGR,EURO
BULGARIA,2022,3,2022-01-17,weekly,1,3640,,BGR,EURO
BULGARIA,2022,4,2022-01-24,weekly,1,4280,,BGR,EURO
BULGARIA,2022,5,2022-01-31,weekly,1,4923,,BGR,EURO
BULGARIA,2022,6,2022-02-07,weekly,1,4719,,BGR,EURO
BULGARIA,2022,7,2022-02-14,weekly,1,3791,,BGR,EURO
BULGARIA,2022,8,2022-02-21,weekly,1,2774,,BGR,EURO
BULGARIA,2022,9,2022-02-28,weekly,1,1882,,BGR,EURO
BULGARIA,2022,10,2022-03-07,weekly,1,1523,,BGR,EURO
BULGARIA,2022,11,2022-03-14,weekly,1,1296,,BGR,EURO
BULGARIA,2022,12,2022-03-21,weekly,1,1287,,BGR,EURO
BULGARIA,2022,13,2022-03-28,weekly,1,1209,,BGR,EURO
BULGARIA,2022,14,2022-04-04,weekly,1,825,,BGR,EURO
BULGARIA,2022,15,2022-04-11,weekly,1,718,,BGR,EURO
BULGARIA,2022,16,2022-04-18,weekly,1,561,,BGR,EURO
BULGARIA,2022,17,2022-04-25,weekly,1,641,,BGR,EURO
BULGARIA,2022,18,2022-05-02,weekly,1,399,,BGR,EURO
BULGARIA,2022,19,2022-05-09,weekly,1,406,,BGR,EURO
BULGARIA,2022,20,2022-05-16,weekly,1,358,,BGR,EURO
BULGARIA,2022,21,2022-05-23,weekly,1,246,,BGR,EURO
BULGARIA,2022,22,2022-05-30,weekly,1,186,,BGR,EURO
BULGARIA,2022,23,2022-06-06,weekly,1,170,,BGR,EURO
BULGARIA,2022,24,2022-06-13,weekly,1,153,,BGR,EURO
BULGARIA,2022,25,2022-06-20,weekly,1,239,,BGR,EURO
BULGARIA,2022,26,2022-06-27,weekly,1,269,,BGR,EURO
BULGARIA,2022,27,2022-07-04,weekly,1,385,,BGR,EURO
BULGARIA,2022,28,2022-07-11,weekly,1,549,,BGR,EURO
BULGARIA,2022,29,2022-07-18,weekly,1,869,,BGR,EURO
BULGARIA,2022,30,2022-07-25,weekly,1,951,,BGR,EURO
BULGARIA,2022,31,2022-08-01,weekly,1,1035,,BGR,EURO
BULGARIA,2022,32,2022-08-08,weekly,1,943,,BGR,EURO
BULGARIA,2022,33,2022-08-15,weekly,1,881,,BGR,EURO
BULGARIA,2022,34,2022-08-22,weekly,1,785,,BGR,EURO
BULGARIA,2022,35,2022-08-29,weekly,1,664,,BGR,EURO
BULGARIA,2022,36,2022-09-05,weekly,1,475,,BGR,EURO
BULGARIA,2022,37,2022-09-12,weekly,1,342,,BGR,EURO
BULGARIA,2022,38,2022-09-19,weekly,1,342,,BGR,EURO
BULGARIA,2022,39,2022-09-26,weekly,1,536,,BGR,EURO
BULGARIA,2022,40,2022-10-03,weekly,1,546,,BGR,EURO
BULGARIA,2022,41,2022-10-10,weekly,1,491,,BGR,EURO
BULGARIA,2022,42,2022-10-17,weekly,1,369,,BGR,EURO
BULGARIA,2022,43,2022-10-24,weekly,1,136,,BGR,EURO
BULGARIA,2022,44,2022-10-31,weekly,1,396,,BGR,EURO
BULGARIA,2022,45,2022-11-07,weekly,1,63,,BGR,EURO
BULGARIA,2022,46,2022-11-14,weekly,1,320,,BGR,EURO
BULGARIA,2022,47,2022-11-21,weekly,1,296,,BGR,EURO
BULGARIA,2022,48,2022-11-28,weekly,1,141,,BGR,EURO
BULGARIA,2022,49,2022-12-05,weekly,1,252,,BGR,EURO
BULGARIA,2022,50,2022-12-12,weekly,1,215,,BGR,EURO
BULGARIA,2022,51,2022-12-19,weekly,1,142,,BGR,EURO
BULGARIA,2022,52,2022-12-26,weekly,1,222,,BGR,EURO
BULGARIA,2023,1,2023-01-02,weekly,1,198,,BGR,EURO
BULGARIA,2023,2,2023-01-09,weekly,1,223,,BGR,EURO
BULGARIA,2023,3,2023-01-16,weekly,1,181,,BGR,EURO
BULGARIA,2023,4,2023-01-23,weekly,1,116,,BGR,EURO
BULGARIA,2023,5,2023-01-30,weekly,1,62,,BGR,EURO
BULGARIA,2023,6,2023-02-06,weekly,1,62,,BGR,EURO
BULGARIA,2023,7,2023-02-13,weekly,1,46,,BGR,EURO
BULGARIA,2023,8,2023-02-20,weekly,1,106,,BGR,EURO
BULGARIA,2023,9,2023-02-27,weekly,1,13,,BGR,EURO
BULGARIA,2023,10,2023-03-06,weekly,1,127,,BGR,EURO
BULGARIA,2023,11,2023-03-13,weekly,1,149,,BGR,EURO
BULGARIA,2023,12,2023-03-20,weekly,1,199,,BGR,EURO
BULGARIA,2023,13,2023-03-27,weekly,1,261,,BGR,EURO
BULGARIA,2023,14,2023-04-03,weekly,1,238,,BGR,EURO
BULGARIA,2023,15,2023-04-10,weekly,1,268,,BGR,EURO
BULGARIA,2023,16,2023-04-17,weekly,1,288,,BGR,EURO
BULGARIA,2023,17,2023-04-24,weekly,1,276,,BGR,EURO
CANADA,2020,13,2020-03-30,weekly,1,0,0,CAN,AMRO
CANADA,2020,14,2020-04-06,weekly,1,404,65,CAN,AMRO
CANADA,2020,15,2020-04-13,weekly,1,1205,88,CAN,AMRO
CANADA,2020,16,2020-04-20,weekly,1,1425,101,CAN,AMRO
CANADA,2020,17,2020-04-27,weekly,1,1435,83,CAN,AMRO
CANADA,2020,18,2020-05-04,weekly,1,1189,78,CAN,AMRO
CANADA,2020,19,2020-05-11,weekly,1,1216,89,CAN,AMRO
CANADA,2020,20,2020-05-18,weekly,1,767,69,CAN,AMRO
CANADA,2020,21,2020-05-25,weekly,1,744,41,CAN,AMRO
CANADA,2020,22,2020-06-01,weekly,1,459,28,CAN,AMRO
CANADA,2020,23,2020-06-08,weekly,1,341,24,CAN,AMRO
CANADA,2020,24,2020-06-15,weekly,1,266,6,CAN,AMRO
CANADA,2020,25,2020-06-22,weekly,1,271,16,CAN,AMRO
CANADA,2020,26,2020-06-29,weekly,1,159,11,CAN,AMRO
CANADA,2020,27,2020-07-06,weekly,1,180,7,CAN,AMRO
CANADA,2020,28,2020-07-13,weekly,1,169,9,CAN,AMRO
CANADA,2020,29,2020-07-20,weekly,1,181,8,CAN,AMRO
CANADA,2020,30,2020-07-27,weekly,1,177,12,CAN,AMRO
CANADA,2020,31,2020-08-03,weekly,1,112,11,CAN,AMRO
CANADA,2020,32,2020-08-10,weekly,1,99,11,CAN,AMRO
CANADA,2020,33,2020-08-17,weekly,1,102,4,CAN,AMRO
CANADA,2020,34,2020-08-24,weekly,1,102,8,CAN,AMRO
CANADA,2020,35,2020-08-31,weekly,1,93,10,CAN,AMRO
CANADA,2020,36,2020-09-07,weekly,1,119,9,CAN,AMRO
CANADA,2020,37,2020-09-14,weekly,1,163,21,CAN,AMRO
CANADA,2020,38,2020-09-21,weekly,1,256,29,CAN,AMRO
CANADA,2020,39,2020-09-28,weekly,1,398,45,CAN,AMRO
CANADA,2020,40,2020-10-05,weekly,1,489,48,CAN,AMRO
CANADA,2020,41,2020-10-12,weekly,1,448,48,CAN,AMRO
CANADA,2020,42,2020-10-19,weekly,1,531,38,CAN,AMRO
CANADA,2020,43,2020-10-26,weekly,1,497,33,CAN,AMRO
CANADA,2020,44,2020-11-02,weekly,1,713,43,CAN,AMRO
CANADA,2020,45,2020-11-09,weekly,1,970,85,CAN,AMRO
CANADA,2020,46,2020-11-16,weekly,1,1193,91,CAN,AMRO
CANADA,2020,47,2020-11-23,weekly,1,1270,120,CAN,AMRO
CANADA,2020,48,2020-11-30,weekly,1,1382,150,CAN,AMRO
CANADA,2020,49,2020-12-07,weekly,1,1416,133,CAN,AMRO
CANADA,2020,50,2020-12-14,weekly,1,1676,137,CAN,AMRO
CANADA,2020,51,2020-12-21,weekly,1,1603,113,CAN,AMRO
CANADA,2020,52,2020-12-28,weekly,1,1881,134,CAN,AMRO
CANADA,2021,1,2021-01-04,weekly,1,2149,151,CAN,AMRO
CANADA,2021,2,2021-01-11,weekly,1,2033,157,CAN,AMRO
CANADA,2021,3,2021-01-18,weekly,1,1753,139,CAN,AMRO
CANADA,2021,4,2021-01-25,weekly,1,1408,106,CAN,AMRO
CANADA,2021,5,2021-02-01,weekly,1,1263,76,CAN,AMRO
CANADA,2021,6,2021-02-08,weekly,1,913,71,CAN,AMRO
CANADA,2021,7,2021-02-15,weekly,1,909,86,CAN,AMRO
CANADA,2021,8,2021-02-22,weekly,1,906,93,CAN,AMRO
CANADA,2021,9,2021-03-01,weekly,1,908,84,CAN,AMRO
CANADA,2021,10,2021-03-08,weekly,1,1164,69,CAN,AMRO
CANADA,2021,11,2021-03-15,weekly,1,1099,102,CAN,AMRO
CANADA,2021,12,2021-03-22,weekly,1,1229,84,CAN,AMRO
CANADA,2021,13,2021-03-29,weekly,1,1456,107,CAN,AMRO
CANADA,2021,14,2021-04-05,weekly,1,2047,167,CAN,AMRO
CANADA,2021,15,2021-04-12,weekly,1,2454,183,CAN,AMRO
CANADA,2021,16,2021-04-19,weekly,1,2439,161,CAN,AMRO
CANADA,2021,17,2021-04-26,weekly,1,2279,134,CAN,AMRO
CANADA,2021,18,2021-05-03,weekly,1,1973,128,CAN,AMRO
CANADA,2021,19,2021-05-10,weekly,1,1508,112,CAN,AMRO
CANADA,2021,20,2021-05-17,weekly,1,1379,88,CAN,AMRO
CANADA,2021,21,2021-05-24,weekly,1,1082,124,CAN,AMRO
CANADA,2021,22,2021-05-31,weekly,1,824,70,CAN,AMRO
CANADA,2021,23,2021-06-07,weekly,1,704,70,CAN,AMRO
CANADA,2021,24,2021-06-14,weekly,1,548,58,CAN,AMRO
CANADA,2021,25,2021-06-21,weekly,1,425,41,CAN,AMRO
CANADA,2021,26,2021-06-28,weekly,1,387,30,CAN,AMRO
CANADA,2021,27,2021-07-05,weekly,1,348,21,CAN,AMRO
CANADA,2021,28,2021-07-12,weekly,1,317,26,CAN,AMRO
CANADA,2021,29,2021-07-19,weekly,1,298,24,CAN,AMRO
CANADA,2021,30,2021-07-26,weekly,1,306,20,CAN,AMRO
CANADA,2021,31,2021-08-02,weekly,1,371,28,CAN,AMRO
CANADA,2021,32,2021-08-09,weekly,1,484,57,CAN,AMRO
CANADA,2021,33,2021-08-16,weekly,1,523,52,CAN,AMRO
CANADA,2021,34,2021-08-23,weekly,1,640,75,CAN,AMRO
CANADA,2021,35,2021-08-30,weekly,1,875,125,CAN,AMRO
CANADA,2021,36,2021-09-06,weekly,1,865,117,CAN,AMRO
CANADA,2021,37,2021-09-13,weekly,1,766,124,CAN,AMRO
CANADA,2021,38,2021-09-20,weekly,1,852,116,CAN,AMRO
CANADA,2021,39,2021-09-27,weekly,1,819,96,CAN,AMRO
CANADA,2021,40,2021-10-04,weekly,1,1009,98,CAN,AMRO
CANADA,2021,41,2021-10-11,weekly,1,853,94,CAN,AMRO
CANADA,2021,42,2021-10-18,weekly,1,817,100,CAN,AMRO
CANADA,2021,43,2021-10-25,weekly,1,781,124,CAN,AMRO
CANADA,2021,44,2021-11-01,weekly,1,779,91,CAN,AMRO
CANADA,2021,45,2021-11-08,weekly,1,748,85,CAN,AMRO
CANADA,2021,46,2021-11-15,weekly,1,750,80,CAN,AMRO
CANADA,2021,47,2021-11-22,weekly,1,727,77,CAN,AMRO
CANADA,2021,48,2021-11-29,weekly,1,668,71,CAN,AMRO
CANADA,2021,49,2021-12-06,weekly,1,768,99,CAN,AMRO
CANADA,2021,50,2021-12-13,weekly,1,926,109,CAN,AMRO
CANADA,2021,51,2021-12-20,weekly,1,1420,111,CAN,AMRO
CANADA,2021,52,2021-12-27,weekly,1,3246,204,CAN,AMRO
CANADA,2022,1,2022-01-03,weekly,1,5605,258,CAN,AMRO
CANADA,2022,2,2022-01-10,weekly,1,6861,302,CAN,AMRO
CANADA,2022,3,2022-01-17,weekly,1,6024,311,CAN,AMRO
CANADA,2022,4,2022-01-24,weekly,1,4967,255,CAN,AMRO
CANADA,2022,5,2022-01-31,weekly,1,4025,230,CAN,AMRO
CANADA,2022,6,2022-02-07,weekly,1,3197,185,CAN,AMRO
CANADA,2022,7,2022-02-14,weekly,1,2589,142,CAN,AMRO
CANADA,2022,8,2022-02-21,weekly,1,2129,119,CAN,AMRO
CANADA,2022,9,2022-02-28,weekly,1,1919,99,CAN,AMRO
CANADA,2022,10,2022-03-07,weekly,1,1663,58,CAN,AMRO
CANADA,2022,11,2022-03-14,weekly,1,1720,68,CAN,AMRO
CANADA,2022,12,2022-03-21,weekly,1,2147,92,CAN,AMRO
CANADA,2022,13,2022-03-28,weekly,1,2751,123,CAN,AMRO
CANADA,2022,14,2022-04-04,weekly,1,3400,112,CAN,AMRO
CANADA,2022,15,2022-04-11,weekly,1,3816,162,CAN,AMRO
CANADA,2022,16,2022-04-18,weekly,1,3714,142,CAN,AMRO
CANADA,2022,17,2022-04-25,weekly,1,3513,155,CAN,AMRO
CANADA,2022,18,2022-05-02,weekly,1,2989,100,CAN,AMRO
CANADA,2022,19,2022-05-09,weekly,1,2588,101,CAN,AMRO
CANADA,2022,20,2022-05-16,weekly,1,2183,101,CAN,AMRO
CANADA,2022,21,2022-05-23,weekly,1,1731,60,CAN,AMRO
CANADA,2022,22,2022-05-30,weekly,1,1503,54,CAN,AMRO
CANADA,2022,23,2022-06-06,weekly,1,1515,69,CAN,AMRO
CANADA,2022,24,2022-06-13,weekly,1,1438,53,CAN,AMRO
CANADA,2022,25,2022-06-20,weekly,1,1638,77,CAN,AMRO
CANADA,2022,26,2022-06-27,weekly,1,1854,56,CAN,AMRO
CANADA,2022,27,2022-07-04,weekly,1,2472,88,CAN,AMRO
CANADA,2022,28,2022-07-11,weekly,1,2865,86,CAN,AMRO
CANADA,2022,29,2022-07-18,weekly,1,3240,105,CAN,AMRO
CANADA,2022,30,2022-07-25,weekly,1,3026,119,CAN,AMRO
CANADA,2022,31,2022-08-01,weekly,1,2709,84,CAN,AMRO
CANADA,2022,32,2022-08-08,weekly,1,2462,113,CAN,AMRO
CANADA,2022,33,2022-08-15,weekly,1,2474,109,CAN,AMRO
CANADA,2022,34,2022-08-22,weekly,1,2602,108,CAN,AMRO
CANADA,2022,35,2022-08-29,weekly,1,2513,101,CAN,AMRO
CANADA,2022,36,2022-09-05,weekly,1,1913,97,CAN,AMRO
CANADA,2022,37,2022-09-12,weekly,1,1977,129,CAN,AMRO
CANADA,2022,38,2022-09-19,weekly,1,2316,117,CAN,AMRO
CANADA,2022,39,2022-09-26,weekly,1,2351,78,CAN,AMRO
CANADA,2022,40,2022-10-03,weekly,1,2513,68,CAN,AMRO
CANADA,2022,41,2022-10-10,weekly,1,2887,84,CAN,AMRO
CANADA,2022,42,2022-10-17,weekly,1,3078,79,CAN,AMRO
CANADA,2022,43,2022-10-24,weekly,1,2590,94,CAN,AMRO
CANADA,2022,44,2022-10-31,weekly,1,2851,104,CAN,AMRO
CANADA,2022,45,2022-11-07,weekly,1,2619,129,CAN,AMRO
CANADA,2022,46,2022-11-14,weekly,1,1379,62,CAN,AMRO
DENMARK,2020,8,2020-02-24,weekly,1,1,,DNK,EURO
DENMARK,2020,9,2020-03-02,weekly,1,9,,DNK,EURO
DENMARK,2020,10,2020-03-09,weekly,1,135,,DNK,EURO
DENMARK,2020,11,2020-03-16,weekly,1,329,,DNK,EURO
DENMARK,2020,12,2020-03-23,weekly,1,558,,DNK,EURO
DENMARK,2020,13,2020-03-30,weekly,1,405,,DNK,EURO
DENMARK,2020,14,2020-04-06,weekly,1,261,,DNK,EURO
DENMARK,2020,15,2020-04-13,weekly,1,226,,DNK,EURO
DENMARK,2020,16,2020-04-20,weekly,1,208,,DNK,EURO
DENMARK,2020,17,2020-04-27,weekly,1,124,,DNK,EURO
DENMARK,2020,18,2020-05-04,weekly,1,82,,DNK,EURO
DENMARK,2020,19,2020-05-11,weekly,1,61,,DNK,EURO
DENMARK,2020,20,2020-05-18,weekly,1,61,,DNK,EURO
DENMARK,2020,21,2020-05-25,weekly,1,49,,DNK,EURO
DENMARK,2020,22,2020-06-01,weekly,1,35,,DNK,EURO
DENMARK,2020,23,2020-06-08,weekly,1,21,,DNK,EURO
DENMARK,2020,24,2020-06-15,weekly,1,34,,DNK,EURO
DENMARK,2020,25,2020-06-22,weekly,1,32,,DNK,EURO
DENMARK,2020,26,2020-06-29,weekly,1,15,,DNK,EURO
DENMARK,2020,27,2020-07-06,weekly,1,19,,DNK,EURO
DENMARK,2020,28,2020-07-13,weekly,1,18,,DNK,EURO
DENMARK,2020,29,2020-07-20,weekly,1,22,,DNK,EURO
DENMARK,2020,30,2020-07-27,weekly,1,26,,DNK,EURO
DENMARK,2020,31,2020-08-03,weekly,1,34,,DNK,EURO
DENMARK,2020,32,2020-08-10,weekly,1,27,,DNK,EURO
DENMARK,2020,33,2020-08-17,weekly,1,35,,DNK,EURO
DENMARK,2020,34,2020-08-24,weekly,1,27,,DNK,EURO
DENMARK,2020,35,2020-08-31,weekly,1,46,,DNK,EURO
DENMARK,2020,36,2020-09-07,weekly,1,78,,DNK,EURO
DENMARK,2020,37,2020-09-14,weekly,1,118,,DNK,EURO
DENMARK,2020,38,2020-09-21,weekly,1,135,,DNK,EURO
DENMARK,2020,39,2020-09-28,weekly,1,129,,DNK,EURO
DENMARK,2020,40,2020-10-05,weekly,1,110,,DNK,EURO
DENMARK,2020,41,2020-10-12,weekly,1,146,,DNK,EURO
DENMARK,2020,42,2020-10-19,weekly,1,163,,DNK,EURO
DENMARK,2020,43,2020-10-26,weekly,1,246,,DNK,EURO
DENMARK,2020,44,2020-11-02,weekly,1,281,,DNK,EURO
DENMARK,2020,45,2020-11-09,weekly,1,282,,DNK,EURO
DENMARK,2020,46,2020-11-16,weekly,1,316,,DNK,EURO
DENMARK,2020,47,2020-11-23,weekly,1,278,,DNK,EURO
DENMARK,2020,48,2020-11-30,weekly,1,396,,DNK,EURO
DENMARK,2020,49,2020-12-07,weekly,1,612,,DNK,EURO
DENMARK,2020,50,2020-12-14,weekly,1,992,,DNK,EURO
DENMARK,2020,51,2020-12-21,weekly,1,1058,,DNK,EURO
DENMARK,2020,52,2020-12-28,weekly,1,1009,,DNK,EURO
DENMARK,2021,1,2021-01-04,weekly,1,875,,DNK,EURO
DENMARK,2021,2,2021-01-11,weekly,1,682,,DNK,EURO
DENMARK,2021,3,2021-01-18,weekly,1,593,,DNK,EURO
DENMARK,2021,4,2021-01-25,weekly,1,353,,DNK,EURO
DENMARK,2021,5,2021-02-01,weekly,1,248,,DNK,EURO
DENMARK,2021,6,2021-02-08,weekly,1,214,,DNK,EURO
DENMARK,2021,7,2021-02-15,weekly,1,187,,DNK,EURO
DENMARK,2021,8,2021-02-22,weekly,1,202,,DNK,EURO
DENMARK,2021,9,2021-03-01,weekly,1,223,,DNK,EURO
DENMARK,2021,10,2021-03-08,weekly,1,204,,DNK,EURO
DENMARK,2021,11,2021-03-15,weekly,1,205,,DNK,EURO
DENMARK,2021,12,2021-03-22,weekly,1,253,,DNK,EURO
DENMARK,2021,13,2021-03-29,weekly,1,268,,DNK,EURO
DENMARK,2021,14,2021-04-05,weekly,1,226,,DNK,EURO
DENMARK,2021,15,2021-04-12,weekly,1,234,,DNK,EURO
DENMARK,2021,16,2021-04-19,weekly,1,221,,DNK,EURO
DENMARK,2021,17,2021-04-26,weekly,1,220,,DNK,EURO
DENMARK,2021,18,2021-05-03,weekly,1,210,,DNK,EURO
DENMARK,2021,19,2021-05-10,weekly,1,258,,DNK,EURO
DENMARK,2021,20,2021-05-17,weekly,1,206,,DNK,EURO
DENMARK,2021,21,2021-05-24,weekly,1,201,,DNK,EURO
DENMARK,2021,22,2021-05-31,weekly,1,170,,DNK,EURO
DENMARK,2021,23,2021-06-07,weekly,1,132,,DNK,EURO
DENMARK,2021,24,2021-06-14,weekly,1,83,,DNK,EURO
DENMARK,2021,25,2021-06-21,weekly,1,54,,DNK,EURO
DENMARK,2021,26,2021-06-28,weekly,1,40,,DNK,EURO
DENMARK,2021,27,2021-07-05,weekly,1,66,,DNK,EURO
DENMARK,2021,28,2021-07-12,weekly,1,103,,DNK,EURO
DENMARK,2021,29,2021-07-19,weekly,1,102,,DNK,EURO
DENMARK,2021,30,2021-07-26,weekly,1,118,,DNK,EURO
DENMARK,2021,31,2021-08-02,weekly,1,131,,DNK,EURO
DENMARK,2021,32,2021-08-09,weekly,1,192,,DNK,EURO
DENMARK,2021,33,2021-08-16,weekly,1,227,,DNK,EURO
DENMARK,2021,34,2021-08-23,weekly,1,205,,DNK,EURO
DENMARK,2021,35,2021-08-30,weekly,1,198,,DNK,EURO
DENMARK,2021,36,2021-09-06,weekly,1,158,,DNK,EURO
DENMARK,2021,37,2021-09-13,weekly,1,95,,DNK,EURO
DENMARK,2021,38,2021-09-20,weekly,1,99,,DNK,EURO
DENMARK,2021,39,2021-09-27,weekly,1,88,,DNK,EURO
DENMARK,2021,40,2021-10-04,weekly,1,117,,DNK,EURO
DENMARK,2021,41,2021-10-11,weekly,1,169,,DNK,EURO
DENMARK,2021,42,2021-10-18,weekly,1,256,,DNK,EURO
DENMARK,2021,43,2021-10-25,weekly,1,311,,DNK,EURO
DENMARK,2021,44,2021-11-01,weekly,1,387,,DNK,EURO
DENMARK,2021,45,2021-11-08,weekly,1,465,,DNK,EURO
DENMARK,2021,46,2021-11-15,weekly,1,568,,DNK,EURO
DENMARK,2021,47,2021-11-22,weekly,1,571,,DNK,EURO
DENMARK,2021,48,2021-11-29,weekly,1,625,,DNK,EURO
DENMARK,2021,49,2021-12-06,weekly,1,692,,DNK,EURO
DENMARK,2021,50,2021-12-13,weekly,1,817,,DNK,EURO
DENMARK,2021,51,2021-12-20,weekly,1,870,,DNK,EURO
DENMARK,2021,52,2021-12-27,weekly,1,1197,,DNK,EURO
DENMARK,2022,1,2022-01-03,weekly,1,1199,,DNK,EURO
DENMARK,2022,2,2022-01-10,weekly,1,1388,,DNK,EURO
DENMARK,2022,3,2022-01-17,weekly,1,1685,,DNK,EURO
DENMARK,2022,4,2022-01-24,weekly,1,1991,,DNK,EURO
DENMARK,2022,5,2022-01-31,weekly,1,2426,,DNK,EURO
DENMARK,2022,6,2022-02-07,weekly,1,2797,,DNK,EURO
DENMARK,2022,7,2022-02-14,weekly,1,2922,,DNK,EURO
DENMARK,2022,8,2022-02-21,weekly,1,2561,,DNK,EURO
DENMARK,2022,9,2022-02-28,weekly,1,2194,,DNK,EURO
DENMARK,2022,10,2022-03-07,weekly,1,1772,,DNK,EURO
DENMARK,2022,11,2022-03-14,weekly,1,1501,,DNK,EURO
DENMARK,2022,12,2022-03-21,weekly,1,1206,,DNK,EURO
DENMARK,2022,13,2022-03-28,weekly,1,980,,DNK,EURO
DENMARK,2022,14,2022-04-04,weekly,1,847,,DNK,EURO
DENMARK,2022,15,2022-04-11,weekly,1,683,,DNK,EURO
DENMARK,2022,16,2022-04-18,weekly,1,591,,DNK,EURO
DENMARK,2022,17,2022-04-25,weekly,1,460,,DNK,EURO
DENMARK,2022,18,2022-05-02,weekly,1,370,,DNK,EURO
DENMARK,2022,19,2022-05-09,weekly,1,280,,DNK,EURO
DENMARK,2022,20,2022-05-16,weekly,1,248,,DNK,EURO
DENMARK,2022,21,2022-05-23,weekly,1,202,,DNK,EURO
DENMARK,2022,22,2022-05-30,weekly,1,207,,DNK,EURO
DENMARK,2022,23,2022-06-06,weekly,1,226,,DNK,EURO
DENMARK,2022,24,2022-06-13,weekly,1,322,,DNK,EURO
DENMARK,2022,25,2022-06-20,weekly,1,469,,DNK,EURO
DENMARK,2022,26,2022-06-27,weekly,1,510,,DNK,EURO
DENMARK,2022,27,2022-07-04,weekly,1,607,,DNK,EURO
DENMARK,2022,28,2022-07-11,weekly,1,771,,DNK,EURO
DENMARK,2022,29,2022-07-18,weekly,1,776,,DNK,EURO
DENMARK,2022,30,2022-07-25,weekly,1,596,,DNK,EURO
DENMARK,2022,31,2022-08-01,weekly,1,541,,DNK,EURO
DENMARK,2022,32,2022-08-08,weekly,1,557,,DNK,EURO
DENMARK,2022,33,2022-08-15,weekly,1,506,,DNK,EURO
DENMARK,2022,34,2022-08-22,weekly,1,394,,DNK,EURO
DENMARK,2022,35,2022-08-29,weekly,1,308,,DNK,EURO
DENMARK,2022,36,2022-09-05,weekly,1,323,,DNK,EURO
DENMARK,2022,37,2022-09-12,weekly,1,340,,DNK,EURO
DENMARK,2022,38,2022-09-19,weekly,1,465,,DNK,EURO
DENMARK,2022,39,2022-09-26,weekly,1,583,,DNK,EURO
DENMARK,2022,40,2022-10-03,weekly,1,641,,DNK,EURO
DENMARK,2022,41,2022-10-10,weekly,1,766,,DNK,EURO
DENMARK,2022,42,2022-10-17,weekly,1,626,,DNK,EURO
DENMARK,2022,43,2022-10-24,weekly,1,467,,DNK,EURO
DENMARK,2022,44,2022-10-31,weekly,1,332,,DNK,EURO
DENMARK,2022,45,2022-11-07,weekly,1,278,,DNK,EURO
DENMARK,2022,46,2022-11-14,weekly,1,235,,DNK,EURO
IRELAND,2020,9,2020-03-02,weekly,1,,,IRL,EURO
IRELAND,2020,10,2020-03-09,weekly,1,,,IRL,EURO
IRELAND,2020,11,2020-03-16,weekly,1,,,IRL,EURO
IRELAND,2020,12,2020-03-23,weekly,1,,0,IRL,EURO
IRELAND,2020,13,2020-03-30,weekly,1,166,0,IRL,EURO
IRELAND,2020,14,2020-04-06,weekly,1,281,25,IRL,EURO
IRELAND,2020,15,2020-04-13,weekly,1,222,59,IRL,EURO
IRELAND,2020,16,2020-04-20,weekly,1,192,46,IRL,EURO
IRELAND,2020,17,2020-04-27,weekly,1,208,39,IRL,EURO
IRELAND,2020,18,2020-05-04,weekly,1,124,8,IRL,EURO
IRELAND,2020,19,2020-05-11,weekly,1,71,16,IRL,EURO
IRELAND,2020,20,2020-05-18,weekly,1,74,6,IRL,EURO
IRELAND,2020,21,2020-05-25,weekly,1,53,11,IRL,EURO
IRELAND,2020,22,2020-06-01,weekly,1,27,5,IRL,EURO
IRELAND,2020,23,2020-06-08,weekly,1,30,3,IRL,EURO
IRELAND,2020,24,2020-06-15,weekly,1,19,4,IRL,EURO
IRELAND,2020,25,2020-06-22,weekly,1,8,1,IRL,EURO
IRELAND,2020,26,2020-06-29,weekly,1,8,2,IRL,EURO
IRELAND,2020,27,2020-07-06,weekly,1,4,1,IRL,EURO
IRELAND,2020,28,2020-07-13,weekly,1,9,1,IRL,EURO
IRELAND,2020,29,2020-07-20,weekly,1,11,0,IRL,EURO
IRELAND,2020,30,2020-07-27,weekly,1,6,1,IRL,EURO
IRELAND,2020,31,2020-08-03,weekly,1,8,3,IRL,EURO
IRELAND,2020,32,2020-08-10,weekly,1,14,3,IRL,EURO
IRELAND,2020,33,2020-08-17,weekly,1,17,1,IRL,EURO
IRELAND,2020,34,2020-08-24,weekly,1,22,1,IRL,EURO
IRELAND,2020,35,2020-08-31,weekly,1,20,2,IRL,EURO
IRELAND,2020,36,2020-09-07,weekly,1,24,5,IRL,EURO
IRELAND,2020,37,2020-09-14,weekly,1,49,12,IRL,EURO
IRELAND,2020,38,2020-09-21,weekly,1,56,7,IRL,EURO
IRELAND,2020,39,2020-09-28,weekly,1,68,14,IRL,EURO
IRELAND,2020,40,2020-10-05,weekly,1,109,20,IRL,EURO
IRELAND,2020,41,2020-10-12,weekly,1,150,11,IRL,EURO
IRELAND,2020,42,2020-10-19,weekly,1,218,21,IRL,EURO
IRELAND,2020,43,2020-10-26,weekly,1,171,22,IRL,EURO
IRELAND,2020,44,2020-11-02,weekly,1,126,19,IRL,EURO
IRELAND,2020,45,2020-11-09,weekly,1,92,17,IRL,EURO
IRELAND,2020,46,2020-11-16,weekly,1,88,12,IRL,EURO
IRELAND,2020,47,2020-11-23,weekly,1,97,14,IRL,EURO
IRELAND,2020,48,2020-11-30,weekly,1,69,15,IRL,EURO
IRELAND,2020,49,2020-12-07,weekly,1,84,19,IRL,EURO
IRELAND,2020,50,2020-12-14,weekly,1,83,11,IRL,EURO
IRELAND,2020,51,2020-12-21,weekly,1,121,18,IRL,EURO
IRELAND,2020,52,2020-12-28,weekly,1,380,65,IRL,EURO
IRELAND,2021,1,2021-01-04,weekly,1,691,109,IRL,EURO
IRELAND,2021,2,2021-01-11,weekly,1,894,142,IRL,EURO
IRELAND,2021,3,2021-01-18,weekly,1,835,119,IRL,EURO
IRELAND,2021,4,2021-01-25,weekly,1,614,84,IRL,EURO
IRELAND,2021,5,2021-02-01,weekly,1,465,61,IRL,EURO
IRELAND,2021,6,2021-02-08,weekly,1,342,51,IRL,EURO
IRELAND,2021,7,2021-02-15,weekly,1,299,56,IRL,EURO
IRELAND,2021,8,2021-02-22,weekly,1,205,38,IRL,EURO
IRELAND,2021,9,2021-03-01,weekly,1,176,27,IRL,EURO
IRELAND,2021,10,2021-03-08,weekly,1,154,17,IRL,EURO
IRELAND,2021,11,2021-03-15,weekly,1,151,27,IRL,EURO
IRELAND,2021,12,2021-03-22,weekly,1,128,16,IRL,EURO
IRELAND,2021,13,2021-03-29,weekly,1,124,24,IRL,EURO
IRELAND,2021,14,2021-04-05,weekly,1,103,13,IRL,EURO
IRELAND,2021,15,2021-04-12,weekly,1,99,14,IRL,EURO
IRELAND,2021,16,2021-04-19,weekly,1,113,18,IRL,EURO
IRELAND,2021,17,2021-04-26,weekly,1,88,11,IRL,EURO
IRELAND,2021,18,2021-05-03,weekly,1,83,4,IRL,EURO
IRELAND,2021,19,2021-05-10,weekly,1,46,18,IRL,EURO
IRELAND,2021,20,2021-05-17,weekly,1,,12,IRL,EURO
IRELAND,2021,21,2021-05-24,weekly,1,,8,IRL,EURO
IRELAND,2021,22,2021-05-31,weekly,1,,5,IRL,EURO
IRELAND,2021,23,2021-06-07,weekly,1,,2,IRL,EURO
IRELAND,2021,24,2021-06-14,weekly,1,,4,IRL,EURO
IRELAND,2021,25,2021-06-21,weekly,1,,6,IRL,EURO
IRELAND,2021,26,2021-06-28,weekly,1,,4,IRL,EURO
IRELAND,2021,27,2021-07-05,weekly,1,,5,IRL,EURO
IRELAND,2021,28,2021-07-12,weekly,1,,9,IRL,EURO
IRELAND,2021,29,2021-07-19,weekly,1,,12,IRL,EURO
IRELAND,2021,30,2021-07-26,weekly,1,63,19,IRL,EURO
IRELAND,2021,31,2021-08-02,weekly,1,103,19,IRL,EURO
IRELAND,2021,32,2021-08-09,weekly,1,159,33,IRL,EURO
IRELAND,2021,33,2021-08-16,weekly,1,200,32,IRL,EURO
IRELAND,2021,34,2021-08-23,weekly,1,212,35,IRL,EURO
IRELAND,2021,35,2021-08-30,weekly,1,207,33,IRL,EURO
IRELAND,2021,36,2021-09-06,weekly,1,207,30,IRL,EURO
IRELAND,2021,37,2021-09-13,weekly,1,167,32,IRL,EURO
IRELAND,2021,38,2021-09-20,weekly,1,182,32,IRL,EURO
IRELAND,2021,39,2021-09-27,weekly,1,166,30,IRL,EURO
IRELAND,2021,40,2021-10-04,weekly,1,190,37,IRL,EURO
IRELAND,2021,41,2021-10-11,weekly,1,217,36,IRL,EURO
IRELAND,2021,42,2021-10-18,weekly,1,241,47,IRL,EURO
IRELAND,2021,43,2021-10-25,weekly,1,276,46,IRL,EURO
IRELAND,2021,44,2021-11-01,weekly,1,247,35,IRL,EURO
IRELAND,2021,45,2021-11-08,weekly,1,294,60,IRL,EURO
IRELAND,2021,46,2021-11-15,weekly,1,405,61,IRL,EURO
IRELAND,2021,47,2021-11-22,weekly,1,337,55,IRL,EURO
IRELAND,2021,48,2021-11-29,weekly,1,331,45,IRL,EURO
IRELAND,2021,49,2021-12-06,weekly,1,313,51,IRL,EURO
IRELAND,2021,50,2021-12-13,weekly,1,232,49,IRL,EURO
IRELAND,2021,51,2021-12-20,weekly,1,251,32,IRL,EURO
IRELAND,2021,52,2021-12-27,weekly,1,452,43,IRL,EURO
IRELAND,2022,1,2022-01-03,weekly,1,570,44,IRL,EURO
IRELAND,2022,2,2022-01-10,weekly,1,552,55,IRL,EURO
IRELAND,2022,3,2022-01-17,weekly,1,433,44,IRL,EURO
IRELAND,2022,4,2022-01-24,weekly,1,370,33,IRL,EURO
IRELAND,2022,5,2022-01-31,weekly,1,307,36,IRL,EURO
IRELAND,2022,6,2022-02-07,weekly,1,301,23,IRL,EURO
IRELAND,2022,7,2022-02-14,weekly,1,315,15,IRL,EURO
IRELAND,2022,8,2022-02-21,weekly,1,326,20,IRL,EURO
IRELAND,2022,9,2022-02-28,weekly,1,336,18,IRL,EURO
IRELAND,2022,10,2022-03-07,weekly,1,376,26,IRL,EURO
IRELAND,2022,11,2022-03-14,weekly,1,459,35,IRL,EURO
IRELAND,2022,12,2022-03-21,weekly,1,657,47,IRL,EURO
IRELAND,2022,13,2022-03-28,weekly,1,538,55,IRL,EURO
IRELAND,2022,14,2022-04-04,weekly,1,493,34,IRL,EURO
IRELAND,2022,15,2022-04-11,weekly,1,383,32,IRL,EURO
IRELAND,2022,16,2022-04-18,weekly,1,293,27,IRL,EURO
IRELAND,2022,17,2022-04-25,weekly,1,233,22,IRL,EURO
IRELAND,2022,18,2022-05-02,weekly,1,166,11,IRL,EURO
IRELAND,2022,19,2022-05-09,weekly,1,156,11,IRL,EURO
IRELAND,2022,20,2022-05-16,weekly,1,155,12,IRL,EURO
IRELAND,2022,21,2022-05-23,weekly,1,137,12,IRL,EURO
IRELAND,2022,22,2022-05-30,weekly,1,171,14,IRL,EURO
IRELAND,2022,23,2022-06-06,weekly,1,187,13,IRL,EURO
IRELAND,2022,24,2022-06-13,weekly,1,264,13,IRL,EURO
IRELAND,2022,25,2022-06-20,weekly,1,351,29,IRL,EURO
IRELAND,2022,26,2022-06-27,weekly,1,390,34,IRL,EURO
IRELAND,2022,27,2022-07-04,weekly,1,490,35,IRL,EURO
IRELAND,2022,28,2022-07-11,weekly,1,422,46,IRL,EURO
IRELAND,2022,29,2022-07-18,weekly,1,342,30,IRL,EURO
IRELAND,2022,30,2022-07-25,weekly,1,235,25,IRL,EURO
IRELAND,2022,31,2022-08-01,weekly,1,196,19,IRL,EURO
IRELAND,2022,32,2022-08-08,weekly,1,204,11,IRL,EURO
IRELAND,2022,33,2022-08-15,weekly,1,167,13,IRL,EURO
IRELAND,2022,34,2022-08-22,weekly,1,150,12,IRL,EURO
IRELAND,2022,35,2022-08-29,weekly,1,154,9,IRL,EURO
IRELAND,2022,36,2022-09-05,weekly,1,158,10,IRL,EURO
IRELAND,2022,37,2022-09-12,weekly,1,117,8,IRL,EURO
IRELAND,2022,38,2022-09-19,weekly,1,150,14,IRL,EURO
IRELAND,2022,39,2022-09-26,weekly,1,160,10,IRL,EURO
IRELAND,2022,40,2022-10-03,weekly,1,177,10,IRL,EURO
IRELAND,2022,41,2022-10-10,weekly,1,193,16,IRL,EURO
IRELAND,2022,42,2022-10-17,weekly,1,183,17,IRL,EURO
IRELAND,2022,43,2022-10-24,weekly,1,168,20,IRL,EURO
IRELAND,2022,44,2022-10-31,weekly,1,146,17,IRL,EURO
IRELAND,2022,45,2022-11-07,weekly,1,163,12,IRL,EURO
IRELAND,2022,46,2022-11-14,weekly,1,148,15,IRL,EURO
IRELAND,2022,47,2022-11-21,weekly,1,157,13,IRL,EURO
IRELAND,2022,48,2022-11-28,weekly,1,142,13,IRL,EURO
IRELAND,2022,49,2022-12-05,weekly,1,175,10,IRL,EURO
IRELAND,2022,50,2022-12-12,weekly,1,245,14,IRL,EURO
IRELAND,2022,51,2022-12-19,weekly,1,292,37,IRL,EURO
IRELAND,2022,52,2022-12-26,weekly,1,288,21,IRL,EURO
IRELAND,2023,1,2023-01-02,weekly,1,302,29,IRL,EURO
IRELAND,2023,2,2023-01-09,weekly,1,192,20,IRL,EURO
IRELAND,2023,3,2023-01-16,weekly,1,114,13,IRL,EURO
IRELAND,2023,4,2023-01-23,weekly,1,102,14,IRL,EURO
IRELAND,2023,5,2023-01-30,weekly,1,101,14,IRL,EURO
IRELAND,2023,6,2023-02-06,weekly,1,85,8,IRL,EURO
IRELAND,2023,7,2023-02-13,weekly,1,76,8,IRL,EURO
IRELAND,2023,8,2023-02-20,weekly,1,75,9,IRL,EURO
IRELAND,2023,9,2023-02-27,weekly,1,83,6,IRL,EURO
IRELAND,2023,10,2023-03-06,weekly,1,92,9,IRL,EURO
IRELAND,2023,11,2023-03-13,weekly,1,120,9,IRL,EURO
IRELAND,2023,12,2023-03-20,weekly,1,101,11,IRL,EURO
IRELAND,2023,13,2023-03-27,weekly,1,130,14,IRL,EURO
IRELAND,2023,14,2023-04-03,weekly,1,117,10,IRL,EURO
IRELAND,2023,15,2023-04-10,weekly,1,123,18,IRL,EURO
IRELAND,2023,16,2023-04-17,weekly,1,92,14,IRL,EURO
IRELAND,2023,17,2023-04-24,weekly,1,124,7,IRL,EURO
NEW ZEALAND,2020,7,2020-02-17,weekly,1,1,0,NZL,WPRO
NEW ZEALAND,2020,8,2020-02-24,weekly,1,1,0,NZL,WPRO
NEW ZEALAND,2020,10,2020-03-09,weekly,1,3,0,NZL,WPRO
NEW ZEALAND,2020,11,2020-03-16,weekly,1,13,3,NZL,WPRO
NEW ZEALAND,2020,12,2020-03-23,weekly,1,4,2,NZL,WPRO
NEW ZEALAND,2020,13,2020-03-30,weekly,1,5,0,NZL,WPRO
NEW ZEALAND,2020,14,2020-04-06,weekly,1,5,0,NZL,WPRO
NEW ZEALAND,2020,15,2020-04-13,weekly,1,1,0,NZL,WPRO
NEW ZEALAND,2020,16,2020-04-20,weekly,1,1,0,NZL,WPRO
NEW ZEALAND,2020,17,2020-04-27,weekly,1,1,1,NZL,WPRO
NEW ZEALAND,2020,18,2020-05-04,weekly,1,1,0,NZL,WPRO
NEW ZEALAND,2020,24,2020-06-15,weekly,1,1,0,NZL,WPRO
NEW ZEALAND,2020,31,2020-08-03,weekly,1,4,0,NZL,WPRO
NEW ZEALAND,2020,32,2020-08-10,weekly,1,4,3,NZL,WPRO
NEW ZEALAND,2020,33,2020-08-17,weekly,1,2,0,NZL,WPRO
NEW ZEALAND,2020,34,2020-08-24,weekly,1,2,1,NZL,WPRO
NEW ZEALAND,2020,35,2020-08-31,weekly,1,2,0,NZL,WPRO
NEW ZEALAND,2021,2,2021-01-11,weekly,1,1,0,NZL,WPRO
NEW ZEALAND,2021,4,2021-01-25,weekly,1,1,0,NZL,WPRO
NEW ZEALAND,2021,8,2021-02-22,weekly,1,2,0,NZL,WPRO
NEW ZEALAND,2021,22,2021-05-31,weekly,1,2,0,NZL,WPRO
NEW ZEALAND,2021,29,2021-07-19,weekly,1,1,0,NZL,WPRO
NEW ZEALAND,2021,30,2021-07-26,weekly,1,2,0,NZL,WPRO
NEW ZEALAND,2021,32,2021-08-09,weekly,1,3,0,NZL,WPRO
NEW ZEALAND,2021,33,2021-08-16,weekly,1,11,4,NZL,WPRO
NEW ZEALAND,2021,34,2021-08-23,weekly,1,5,2,NZL,WPRO
NEW ZEALAND,2021,35,2021-08-30,weekly,1,4,0,NZL,WPRO
NEW ZEALAND,2021,36,2021-09-06,weekly,1,5,0,NZL,WPRO
NEW ZEALAND,2021,37,2021-09-13,weekly,1,7,2,NZL,WPRO
NEW ZEALAND,2021,38,2021-09-20,weekly,1,9,3,NZL,WPRO
NEW ZEALAND,2021,39,2021-09-27,weekly,1,9,2,NZL,WPRO
NEW ZEALAND,2021,40,2021-10-04,weekly,1,18,1,NZL,WPRO
NEW ZEALAND,2021,41,2021-10-11,weekly,1,28,1,NZL,WPRO
NEW ZEALAND,2021,42,2021-10-18,weekly,1,24,0,NZL,WPRO
NEW ZEALAND,2021,43,2021-10-25,weekly,1,30,4,NZL,WPRO
NEW ZEALAND,2021,44,2021-11-01,weekly,1,29,3,NZL,WPRO
NEW ZEALAND,2021,45,2021-11-08,weekly,1,32,2,NZL,WPRO
NEW ZEALAND,2021,46,2021-11-15,weekly,1,30,5,NZL,WPRO
NEW ZEALAND,2021,47,2021-11-22,weekly,1,21,3,NZL,WPRO
NEW ZEALAND,2021,48,2021-11-29,weekly,1,15,2,NZL,WPRO
NEW ZEALAND,2021,49,2021-12-06,weekly,1,11,1,NZL,WPRO
NEW ZEALAND,2021,50,2021-12-13,weekly,1,13,1,NZL,WPRO
NEW ZEALAND,2021,51,2021-12-20,weekly,1,6,1,NZL,WPRO
NEW ZEALAND,2021,52,2021-12-27,weekly,1,5,0,NZL,WPRO
NEW ZEALAND,2022,1,2022-01-03,weekly,1,9,1,NZL,WPRO
NEW ZEALAND,2022,2,2022-01-10,weekly,1,5,1,NZL,WPRO
NEW ZEALAND,2022,3,2022-01-17,weekly,1,6,0,NZL,WPRO
NEW ZEALAND,2022,4,2022-01-24,weekly,1,23,3,NZL,WPRO
NEW ZEALAND,2022,5,2022-01-31,weekly,1,41,0,NZL,WPRO
NEW ZEALAND,2022,6,2022-02-07,weekly,1,90,3,NZL,WPRO
NEW ZEALAND,2022,7,2022-02-14,weekly,1,263,3,NZL,WPRO
NEW ZEALAND,2022,8,2022-02-21,weekly,1,332,8,NZL,WPRO
NEW ZEALAND,2022,9,2022-02-28,weekly,1,364,5,NZL,WPRO
NEW ZEALAND,2022,10,2022-03-07,weekly,1,352,8,NZL,WPRO
NEW ZEALAND,2022,11,2022-03-14,weekly,1,290,10,NZL,WPRO
NEW ZEALAND,2022,12,2022-03-21,weekly,1,248,18,NZL,WPRO
NEW ZEALAND,2022,13,2022-03-28,weekly,1,213,11,NZL,WPRO
NEW ZEALAND,2022,14,2022-04-04,weekly,1,184,5,NZL,WPRO
NEW ZEALAND,2022,15,2022-04-11,weekly,1,176,2,NZL,WPRO
NEW ZEALAND,2022,16,2022-04-18,weekly,1,168,12,NZL,WPRO
NEW ZEALAND,2022,17,2022-04-25,weekly,1,167,7,NZL,WPRO
NEW ZEALAND,2022,18,2022-05-02,weekly,1,165,7,NZL,WPRO
NEW ZEALAND,2022,19,2022-05-09,weekly,1,186,5,NZL,WPRO
NEW ZEALAND,2022,20,2022-05-16,weekly,1,157,2,NZL,WPRO
NEW ZEALAND,2022,21,2022-05-23,weekly,1,188,9,NZL,WPRO
NEW ZEALAND,2022,22,2022-05-30,weekly,1,157,3,NZL,WPRO
NEW ZEALAND,2022,23,2022-06-06,weekly,1,144,7,NZL,WPRO
NEW ZEALAND,2022,24,2022-06-13,weekly,1,162,3,NZL,WPRO
NEW ZEALAND,2022,25,2022-06-20,weekly,1,180,5,NZL,WPRO
NEW ZEALAND,2022,26,2022-06-27,weekly,1,157,7,NZL,WPRO
NEW ZEALAND,2022,27,2022-07-04,weekly,1,73,2,NZL,WPRO
NORWAY,2020,7,2020-02-17,weekly,1,0,0,NOR,EURO
NORWAY,2020,8,2020-02-24,weekly,1,0,0,NOR,EURO
NORWAY,2020,9,2020-03-02,weekly,1,2,0,NOR,EURO
NORWAY,2020,10,2020-03-09,weekly,1,50,11,NOR,EURO
NORWAY,2020,11,2020-03-16,weekly,1,188,44,NOR,EURO
NORWAY,2020,12,2020-03-23,weekly,1,288,77,NOR,EURO
NORWAY,2020,13,2020-03-30,weekly,1,197,36,NOR,EURO
NORWAY,2020,14,2020-04-06,weekly,1,91,12,NOR,EURO
NORWAY,2020,15,2020-04-13,weekly,1,66,15,NOR,EURO
NORWAY,2020,16,2020-04-20,weekly,1,40,13,NOR,EURO
NORWAY,2020,17,2020-04-27,weekly,1,16,3,NOR,EURO
NORWAY,2020,18,2020-05-04,weekly,1,17,4,NOR,EURO
NORWAY,2020,19,2020-05-11,weekly,1,11,3,NOR,EURO
NORWAY,2020,20,2020-05-18,weekly,1,10,1,NOR,EURO
NORWAY,2020,21,2020-05-25,weekly,1,10,1,NOR,EURO
NORWAY,2020,22,2020-06-01,weekly,1,2,0,NOR,EURO
NORWAY,2020,23,2020-06-08,weekly,1,8,4,NOR,EURO
NORWAY,2020,24,2020-06-15,weekly,1,7,2,NOR,EURO
NORWAY,2020,25,2020-06-22,weekly,1,13,0,NOR,EURO
NORWAY,2020,26,2020-06-29,weekly,1,6,1,NOR,EURO
NORWAY,2020,27,2020-07-06,weekly,1,2,1,NOR,EURO
NORWAY,2020,28,2020-07-13,weekly,1,8,1,NOR,EURO
NORWAY,2020,29,2020-07-20,weekly,1,3,1,NOR,EURO
NORWAY,2020,30,2020-07-27,weekly,1,11,0,NOR,EURO
NORWAY,2020,31,2020-08-03,weekly,1,16,1,NOR,EURO
NORWAY,2020,32,2020-08-10,weekly,1,10,1,NOR,EURO
NORWAY,2020,33,2020-08-17,weekly,1,12,1,NOR,EURO
NORWAY,2020,34,2020-08-24,weekly,1,12,1,NOR,EURO
NORWAY,2020,35,2020-08-31,weekly,1,12,1,NOR,EURO
NORWAY,2020,36,2020-09-07,weekly,1,20,2,NOR,EURO
NORWAY,2020,37,2020-09-14,weekly,1,23,2,NOR,EURO
NORWAY,2020,38,2020-09-21,weekly,1,15,3,NOR,EURO
NORWAY,2020,39,2020-09-28,weekly,1,23,3,NOR,EURO
NORWAY,2020,40,2020-10-05,weekly,1,32,2,NOR,EURO
NORWAY,2020,41,2020-10-12,weekly,1,22,6,NOR,EURO
NORWAY,2020,42,2020-10-19,weekly,1,43,4,NOR,EURO
NORWAY,2020,43,2020-10-26,weekly,1,54,5,NOR,EURO
NORWAY,2020,44,2020-11-02,weekly,1,99,17,NOR,EURO
NORWAY,2020,45,2020-11-09,weekly,1,110,17,NOR,EURO
NORWAY,2020,46,2020-11-16,weekly,1,109,24,NOR,EURO
NORWAY,2020,47,2020-11-23,weekly,1,95,14,NOR,EURO
NORWAY,2020,48,2020-11-30,weekly,1,111,19,NOR,EURO
NORWAY,2020,49,2020-12-07,weekly,1,82,20,NOR,EURO
NORWAY,2020,50,2020-12-14,weekly,1,99,14,NOR,EURO
NORWAY,2020,51,2020-12-21,weekly,1,78,14,NOR,EURO
NORWAY,2020,52,2020-12-28,weekly,1,98,11,NOR,EURO
NORWAY,2021,1,2021-01-04,weekly,1,91,22,NOR,EURO
NORWAY,2021,2,2021-01-11,weekly,1,90,15,NOR,EURO
NORWAY,2021,3,2021-01-18,weekly,1,91,14,NOR,EURO
NORWAY,2021,4,2021-01-25,weekly,1,48,10,NOR,EURO
NORWAY,2021,5,2021-02-01,weekly,1,34,10,NOR,EURO
NORWAY,2021,6,2021-02-08,weekly,1,46,8,NOR,EURO
NORWAY,2021,7,2021-02-15,weekly,1,62,8,NOR,EURO
NORWAY,2021,8,2021-02-22,weekly,1,74,12,NOR,EURO
NORWAY,2021,9,2021-03-01,weekly,1,105,18,NOR,EURO
NORWAY,2021,10,2021-03-08,weekly,1,173,30,NOR,EURO
NORWAY,2021,11,2021-03-15,weekly,1,229,47,NOR,EURO
NORWAY,2021,12,2021-03-22,weekly,1,207,55,NOR,EURO
NORWAY,2021,13,2021-03-29,weekly,1,210,55,NOR,EURO
NORWAY,2021,14,2021-04-05,weekly,1,200,32,NOR,EURO
NORWAY,2021,15,2021-04-12,weekly,1,171,34,NOR,EURO
NORWAY,2021,16,2021-04-19,weekly,1,133,29,NOR,EURO
NORWAY,2021,17,2021-04-26,weekly,1,71,14,NOR,EURO
NORWAY,2021,18,2021-05-03,weekly,1,71,12,NOR,EURO
NORWAY,2021,19,2021-05-10,weekly,1,65,13,NOR,EURO
NORWAY,2021,20,2021-05-17,weekly,1,61,14,NOR,EURO
NORWAY,2021,21,2021-05-24,weekly,1,51,10,NOR,EURO
NORWAY,2021,22,2021-05-31,weekly,1,50,8,NOR,EURO
NORWAY,2021,23,2021-06-07,weekly,1,29,3,NOR,EURO
NORWAY,2021,24,2021-06-14,weekly,1,22,0,NOR,EURO
NORWAY,2021,25,2021-06-21,weekly,1,20,5,NOR,EURO
NORWAY,2021,26,2021-06-28,weekly,1,17,2,NOR,EURO
NORWAY,2021,27,2021-07-05,weekly,1,18,5,NOR,EURO
NORWAY,2021,28,2021-07-12,weekly,1,18,5,NOR,EURO
NORWAY,2021,29,2021-07-19,weekly,1,19,3,NOR,EURO
NORWAY,2021,30,2021-07-26,weekly,1,20,3,NOR,EURO
NORWAY,2021,31,2021-08-02,weekly,1,34,6,NOR,EURO
NORWAY,2021,32,2021-08-09,weekly,1,36,3,NOR,EURO
NORWAY,2021,33,2021-08-16,weekly,1,49,6,NOR,EURO
NORWAY,2021,34,2021-08-23,weekly,1,69,8,NOR,EURO
NORWAY,2021,35,2021-08-30,weekly,1,69,17,NOR,EURO
NORWAY,2021,36,2021-09-06,weekly,1,101,24,NOR,EURO
NORWAY,2021,37,2021-09-13,weekly,1,79,12,NOR,EURO
NORWAY,2021,38,2021-09-20,weekly,1,64,17,NOR,EURO
NORWAY,2021,39,2021-09-27,weekly,1,60,10,NOR,EURO
NORWAY,2021,40,2021-10-04,weekly,1,58,15,NOR,EURO
NORWAY,2021,41,2021-10-11,weekly,1,62,16,NOR,EURO
NORWAY,2021,42,2021-10-18,weekly,1,81,13,NOR,EURO
NORWAY,2021,43,2021-10-25,weekly,1,116,22,NOR,EURO
NORWAY,2021,44,2021-11-01,weekly,1,145,41,NOR,EURO
NORWAY,2021,45,2021-11-08,weekly,1,165,29,NOR,EURO
NORWAY,2021,46,2021-11-15,weekly,1,151,24,NOR,EURO
NORWAY,2021,47,2021-11-22,weekly,1,180,45,NOR,EURO
NORWAY,2021,48,2021-11-29,weekly,1,218,45,NOR,EURO
NORWAY,2021,49,2021-12-06,weekly,1,227,71,NOR,EURO
NORWAY,2021,50,2021-12-13,weekly,1,256,63,NOR,EURO
NORWAY,2021,51,2021-12-20,weekly,1,199,52,NOR,EURO
NORWAY,2021,52,2021-12-27,weekly,1,189,40,NOR,EURO
NORWAY,2022,1,2022-01-03,weekly,1,150,33,NOR,EURO
NORWAY,2022,2,2022-01-10,weekly,1,121,18,NOR,EURO
NORWAY,2022,3,2022-01-17,weekly,1,158,24,NOR,EURO
NORWAY,2022,4,2022-01-24,weekly,1,229,20,NOR,EURO
NORWAY,2022,5,2022-01-31,weekly,1,246,21,NOR,EURO
NORWAY,2022,6,2022-02-07,weekly,1,322,17,NOR,EURO
NORWAY,2022,7,2022-02-14,weekly,1,454,40,NOR,EURO
NORWAY,2022,8,2022-02-21,weekly,1,537,39,NOR,EURO
NORWAY,2022,9,2022-02-28,weekly,1,557,64,NOR,EURO
NORWAY,2022,10,2022-03-07,weekly,1,548,41,NOR,EURO
NORWAY,2022,11,2022-03-14,weekly,1,409,36,NOR,EURO
NORWAY,2022,12,2022-03-21,weekly,1,354,35,NOR,EURO
NORWAY,2022,13,2022-03-28,weekly,1,257,31,NOR,EURO
NORWAY,2022,14,2022-04-04,weekly,1,218,24,NOR,EURO
NORWAY,2022,15,2022-04-11,weekly,1,164,14,NOR,EURO
NORWAY,2022,16,2022-04-18,weekly,1,141,20,NOR,EURO
NORWAY,2022,17,2022-04-25,weekly,1,81,11,NOR,EURO
NORWAY,2022,18,2022-05-02,weekly,1,79,10,NOR,EURO
NORWAY,2022,19,2022-05-09,weekly,1,90,7,NOR,EURO
NORWAY,2022,20,2022-05-16,weekly,1,81,7,NOR,EURO
NORWAY,2022,21,2022-05-23,weekly,1,91,13,NOR,EURO
NORWAY,2022,22,2022-05-30,weekly,1,108,11,NOR,EURO
NORWAY,2022,23,2022-06-06,weekly,1,166,9,NOR,EURO
NORWAY,2022,24,2022-06-13,weekly,1,237,20,NOR,EURO
NORWAY,2022,25,2022-06-20,weekly,1,333,27,NOR,EURO
NORWAY,2022,26,2022-06-27,weekly,1,377,27,NOR,EURO
NORWAY,2022,27,2022-07-04,weekly,1,341,28,NOR,EURO
NORWAY,2022,28,2022-07-11,weekly,1,295,22,NOR,EURO
NORWAY,2022,29,2022-07-18,weekly,1,214,21,NOR,EURO
NORWAY,2022,30,2022-07-25,weekly,1,236,23,NOR,EURO
NORWAY,2022,31,2022-08-01,weekly,1,188,21,NOR,EURO
NORWAY,2022,32,2022-08-08,weekly,1,213,19,NOR,EURO
NORWAY,2022,33,2022-08-15,weekly,1,134,10,NOR,EURO
NORWAY,2022,34,2022-08-22,weekly,1,111,11,NOR,EURO
NORWAY,2022,35,2022-08-29,weekly,1,97,10,NOR,EURO
NORWAY,2022,36,2022-09-05,weekly,1,107,10,NOR,EURO
NORWAY,2022,37,2022-09-12,weekly,1,88,10,NOR,EURO
NORWAY,2022,38,2022-09-19,weekly,1,97,7,NOR,EURO
NORWAY,2022,39,2022-09-26,weekly,1,104,8,NOR,EURO
NORWAY,2022,40,2022-10-03,weekly,1,100,7,NOR,EURO
NORWAY,2022,41,2022-10-10,weekly,1,116,10,NOR,EURO
NORWAY,2022,42,2022-10-17,weekly,1,120,10,NOR,EURO
NORWAY,2022,43,2022-10-24,weekly,1,137,6,NOR,EURO
NORWAY,2022,44,2022-10-31,weekly,1,44,7,NOR,EURO
NORWAY,2022,45,2022-11-07,weekly,1,,3,NOR,EURO
PUERTO RICO,2020,14,2020-04-06,weekly,1,117,,PRI,AMRO
PUERTO RICO,2020,15,2020-04-13,weekly,1,78,,PRI,AMRO
PUERTO RICO,2020,27,2020-07-06,weekly,1,24,,PRI,AMRO
PUERTO RICO,2020,28,2020-07-13,weekly,1,3,,PRI,AMRO
PUERTO RICO,2020,29,2020-07-20,weekly,1,2,,PRI,AMRO
PUERTO RICO,2020,30,2020-07-27,weekly,1,76,,PRI,AMRO
PUERTO RICO,2020,31,2020-08-03,weekly,1,129,,PRI,AMRO
PUERTO RICO,2020,32,2020-08-10,weekly,1,168,,PRI,AMRO
PUERTO RICO,2020,33,2020-08-17,weekly,1,152,,PRI,AMRO
PUERTO RICO,2020,34,2020-08-24,weekly,1,172,,PRI,AMRO
PUERTO RICO,2020,35,2020-08-31,weekly,1,153,,PRI,AMRO
PUERTO RICO,2020,36,2020-09-07,weekly,1,169,,PRI,AMRO
PUERTO RICO,2020,37,2020-09-14,weekly,1,169,,PRI,AMRO
PUERTO RICO,2020,38,2020-09-21,weekly,1,184,,PRI,AMRO
PUERTO RICO,2020,39,2020-09-28,weekly,1,187,,PRI,AMRO
PUERTO RICO,2020,40,2020-10-05,weekly,1,240,,PRI,AMRO
PUERTO RICO,2020,41,2020-10-12,weekly,1,121,,PRI,AMRO
PUERTO RICO,2020,42,2020-10-19,weekly,1,599,,PRI,AMRO
PUERTO RICO,2020,43,2020-10-26,weekly,1,1028,,PRI,AMRO
PUERTO RICO,2020,44,2020-11-02,weekly,1,1092,,PRI,AMRO
PUERTO RICO,2020,45,2020-11-09,weekly,1,1019,,PRI,AMRO
PUERTO RICO,2020,46,2020-11-16,weekly,1,959,,PRI,AMRO
PUERTO RICO,2020,47,2020-11-23,weekly,1,755,,PRI,AMRO
PUERTO RICO,2020,48,2020-11-30,weekly,1,645,,PRI,AMRO
PUERTO RICO,2020,49,2020-12-07,weekly,1,277,,PRI,AMRO
PUERTO RICO,2020,50,2020-12-14,weekly,1,224,,PRI,AMRO
PUERTO RICO,2020,51,2020-12-21,weekly,1,190,,PRI,AMRO
PUERTO RICO,2020,52,2020-12-28,weekly,1,209,,PRI,AMRO
PUERTO RICO,2021,1,2021-01-04,weekly,1,180,,PRI,AMRO
PUERTO RICO,2021,2,2021-01-11,weekly,1,160,,PRI,AMRO
PUERTO RICO,2021,3,2021-01-18,weekly,1,159,,PRI,AMRO
PUERTO RICO,2021,4,2021-01-25,weekly,1,126,,PRI,AMRO
PUERTO RICO,2021,5,2021-02-01,weekly,1,132,,PRI,AMRO
PUERTO RICO,2021,6,2021-02-08,weekly,1,153,,PRI,AMRO
PUERTO RICO,2021,7,2021-02-15,weekly,1,93,,PRI,AMRO
PUERTO RICO,2021,8,2021-02-22,weekly,1,64,,PRI,AMRO
PUERTO RICO,2021,9,2021-03-01,weekly,1,75,,PRI,AMRO
PUERTO RICO,2021,10,2021-03-08,weekly,1,74,,PRI,AMRO
PUERTO RICO,2021,11,2021-03-15,weekly,1,83,,PRI,AMRO
PUERTO RICO,2021,12,2021-03-22,weekly,1,142,,PRI,AMRO
PUERTO RICO,2021,13,2021-03-29,weekly,1,142,,PRI,AMRO
PUERTO RICO,2021,14,2021-04-05,weekly,1,229,,PRI,AMRO
PUERTO RICO,2021,15,2021-04-12,weekly,1,287,,PRI,AMRO
PUERTO RICO,2021,16,2021-04-19,weekly,1,329,,PRI,AMRO
PUERTO RICO,2021,17,2021-04-26,weekly,1,251,,PRI,AMRO
PUERTO RICO,2021,18,2021-05-03,weekly,1,139,,PRI,AMRO
PUERTO RICO,2021,19,2021-05-10,weekly,1,124,,PRI,AMRO
PUERTO RICO,2021,20,2021-05-17,weekly,1,82,,PRI,AMRO
PUERTO RICO,2021,21,2021-05-24,weekly,1,56,,PRI,AMRO
PUERTO RICO,2021,22,2021-05-31,weekly,1,36,,PRI,AMRO
PUERTO RICO,2021,23,2021-06-07,weekly,1,16,,PRI,AMRO
PUERTO RICO,2021,24,2021-06-14,weekly,1,17,,PRI,AMRO
PUERTO RICO,2021,25,2021-06-21,weekly,1,17,,PRI,AMRO
PUERTO RICO,2021,26,2021-06-28,weekly,1,16,,PRI,AMRO
PUERTO RICO,2021,27,2021-07-05,weekly,1,20,,PRI,AMRO
PUERTO RICO,2021,28,2021-07-12,weekly,1,25,,PRI,AMRO
PUERTO RICO,2021,29,2021-07-19,weekly,1,56,,PRI,AMRO
PUERTO RICO,2021,30,2021-07-26,weekly,1,103,,PRI,AMRO
PUERTO RICO,2021,31,2021-08-02,weekly,1,199,,PRI,AMRO
PUERTO RICO,2021,32,2021-08-09,weekly,1,178,,PRI,AMRO
PUERTO RICO,2021,33,2021-08-16,weekly,1,231,,PRI,AMRO
PUERTO RICO,2021,34,2021-08-23,weekly,1,190,,PRI,AMRO
PUERTO RICO,2021,35,2021-08-30,weekly,1,164,,PRI,AMRO
PUERTO RICO,2021,36,2021-09-06,weekly,1,131,,PRI,AMRO
PUERTO RICO,2021,37,2021-09-13,weekly,1,104,,PRI,AMRO
PUERTO RICO,2021,38,2021-09-20,weekly,1,54,,PRI,AMRO
PUERTO RICO,2021,39,2021-09-27,weekly,1,29,,PRI,AMRO
PUERTO RICO,2021,40,2021-10-04,weekly,1,42,,PRI,AMRO
PUERTO RICO,2021,41,2021-10-11,weekly,1,37,,PRI,AMRO
PUERTO RICO,2021,42,2021-10-18,weekly,1,36,,PRI,AMRO
PUERTO RICO,2021,43,2021-10-25,weekly,1,12,,PRI,AMRO
PUERTO RICO,2021,44,2021-11-01,weekly,1,33,,PRI,AMRO
PUERTO RICO,2021,45,2021-11-08,weekly,1,56,,PRI,AMRO
PUERTO RICO,2021,46,2021-11-15,weekly,1,23,,PRI,AMRO
PUERTO RICO,2021,47,2021-11-22,weekly,1,19,,PRI,AMRO
PUERTO RICO,2021,48,2021-11-29,weekly,1,22,,PRI,AMRO
PUERTO RICO,2021,49,2021-12-06,weekly,1,27,,PRI,AMRO
PUERTO RICO,2021,50,2021-12-13,weekly,1,50,,PRI,AMRO
PUERTO RICO,2021,51,2021-12-20,weekly,1,162,,PRI,AMRO
PUERTO RICO,2021,52,2021-12-27,weekly,1,414,,PRI,AMRO
PUERTO RICO,2022,1,2022-01-03,weekly,1,640,,PRI,AMRO
PUERTO RICO,2022,2,2022-01-10,weekly,1,919,,PRI,AMRO
PUERTO RICO,2022,3,2022-01-17,weekly,1,613,,PRI,AMRO
PUERTO RICO,2022,4,2022-01-24,weekly,1,371,,PRI,AMRO
PUERTO RICO,2022,5,2022-01-31,weekly,1,161,,PRI,AMRO
PUERTO RICO,2022,6,2022-02-07,weekly,1,128,,PRI,AMRO
PUERTO RICO,2022,7,2022-02-14,weekly,1,74,,PRI,AMRO
PUERTO RICO,2022,8,2022-02-21,weekly,1,50,,PRI,AMRO
PUERTO RICO,2022,9,2022-02-28,weekly,1,40,,PRI,AMRO
PUERTO RICO,2022,10,2022-03-07,weekly,1,38,,PRI,AMRO
PUERTO RICO,2022,11,2022-03-14,weekly,1,55,,PRI,AMRO
PUERTO RICO,2022,12,2022-03-21,weekly,1,46,,PRI,AMRO
PUERTO RICO,2022,13,2022-03-28,weekly,1,46,,PRI,AMRO
PUERTO RICO,2022,14,2022-04-04,weekly,1,70,,PRI,AMRO
PUERTO RICO,2022,15,2022-04-11,weekly,1,138,,PRI,AMRO
PUERTO RICO,2022,16,2022-04-18,weekly,1,300,,PRI,AMRO
PUERTO RICO,2022,17,2022-04-25,weekly,1,284,,PRI,AMRO
PUERTO RICO,2022,18,2022-05-02,weekly,1,245,,PRI,AMRO
PUERTO RICO,2022,19,2022-05-09,weekly,1,401,,PRI,AMRO
PUERTO RICO,2022,20,2022-05-16,weekly,1,294,,PRI,AMRO
PUERTO RICO,2022,21,2022-05-23,weekly,1,259,,PRI,AMRO
PUERTO RICO,2022,22,2022-05-30,weekly,1,324,,PRI,AMRO
PUERTO RICO,2022,23,2022-06-06,weekly,1,319,,PRI,AMRO
PUERTO RICO,2022,24,2022-06-13,weekly,1,264,,PRI,AMRO
PUERTO RICO,2022,25,2022-06-20,weekly,1,242,,PRI,AMRO
PUERTO RICO,2022,26,2022-06-27,weekly,1,273,,PRI,AMRO
PUERTO RICO,2022,27,2022-07-04,weekly,1,238,,PRI,AMRO
PUERTO RICO,2022,28,2022-07-11,weekly,1,203,,PRI,AMRO
PUERTO RICO,2022,29,2022-07-18,weekly,1,239,,PRI,AMRO
PUERTO RICO,2022,30,2022-07-25,weekly,1,288,,PRI,AMRO
PUERTO RICO,2022,31,2022-08-01,weekly,1,280,,PRI,AMRO
PUERTO RICO,2022,32,2022-08-08,weekly,1,277,,PRI,AMRO
PUERTO RICO,2022,33,2022-08-15,weekly,1,238,,PRI,AMRO
PUERTO RICO,2022,34,2022-08-22,weekly,1,221,,PRI,AMRO
PUERTO RICO,2022,35,2022-08-29,weekly,1,195,,PRI,AMRO
PUERTO RICO,2022,36,2022-09-05,weekly,1,197,,PRI,AMRO
PUERTO RICO,2022,37,2022-09-12,weekly,1,161,,PRI,AMRO
PUERTO RICO,2022,38,2022-09-19,weekly,1,157,,PRI,AMRO
PUERTO RICO,2022,39,2022-09-26,weekly,1,124,,PRI,AMRO
PUERTO RICO,2022,40,2022-10-03,weekly,1,122,,PRI,AMRO
PUERTO RICO,2022,41,2022-10-10,weekly,1,87,,PRI,AMRO
PUERTO RICO,2022,42,2022-10-17,weekly,1,102,,PRI,AMRO
PUERTO RICO,2022,43,2022-10-24,weekly,1,119,,PRI,AMRO
PUERTO RICO,2022,44,2022-10-31,weekly,1,114,,PRI,AMRO
PUERTO RICO,2022,45,2022-11-07,weekly,1,94,,PRI,AMRO
PUERTO RICO,2022,46,2022-11-14,weekly,1,138,,PRI,AMRO
PUERTO RICO,2022,47,2022-11-21,weekly,1,131,,PRI,AMRO
PUERTO RICO,2022,48,2022-11-28,weekly,1,174,,PRI,AMRO
PUERTO RICO,2022,49,2022-12-05,weekly,1,186,,PRI,AMRO
PUERTO RICO,2022,50,2022-12-12,weekly,1,202,,PRI,AMRO
PUERTO RICO,2022,51,2022-12-19,weekly,1,169,,PRI,AMRO
PUERTO RICO,2022,52,2022-12-26,weekly,1,206,,PRI,AMRO
PUERTO RICO,2023,1,2023-01-02,weekly,1,224,,PRI,AMRO
PUERTO RICO,2023,2,2023-01-09,weekly,1,233,,PRI,AMRO
PUERTO RICO,2023,3,2023-01-16,weekly,1,150,,PRI,AMRO
PUERTO RICO,2023,4,2023-01-23,weekly,1,150,,PRI,AMRO
PUERTO RICO,2023,5,2023-01-30,weekly,1,123,,PRI,AMRO
PUERTO RICO,2023,6,2023-02-06,weekly,1,109,,PRI,AMRO
PUERTO RICO,2023,7,2023-02-13,weekly,1,146,,PRI,AMRO
PUERTO RICO,2023,8,2023-02-20,weekly,1,91,,PRI,AMRO
PUERTO RICO,2023,9,2023-02-27,weekly,1,75,,PRI,AMRO
PUERTO RICO,2023,10,2023-03-06,weekly,1,68,,PRI,AMRO
PUERTO RICO,2023,11,2023-03-13,weekly,1,58,,PRI,AMRO
PUERTO RICO,2023,12,2023-03-20,weekly,1,71,,PRI,AMRO
PUERTO RICO,2023,13,2023-03-27,weekly,1,34,,PRI,AMRO
PUERTO RICO,2023,14,2023-04-03,weekly,1,38,,PRI,AMRO
PUERTO RICO,2023,15,2023-04-10,weekly,1,45,,PRI,AMRO
PUERTO RICO,2023,16,2023-04-17,weekly,1,63,,PRI,AMRO
PUERTO RICO,2023,17,2023-04-24,weekly,1,91,,PRI,AMRO
SWITZERLAND,2020,9,2020-03-02,weekly,1,0,,CHE,EURO
SWITZERLAND,2020,10,2020-03-09,weekly,1,2,,CHE,EURO
SWITZERLAND,2020,11,2020-03-16,weekly,1,4,,CHE,EURO
SWITZERLAND,2020,12,2020-03-23,weekly,1,8,,CHE,EURO
SWITZERLAND,2020,13,2020-03-30,weekly,1,17,,CHE,EURO
SWITZERLAND,2020,14,2020-04-06,weekly,1,17,,CHE,EURO
SWITZERLAND,2020,15,2020-04-13,weekly,1,13,,CHE,EURO
SWITZERLAND,2020,16,2020-04-20,weekly,1,20,,CHE,EURO
SWITZERLAND,2020,17,2020-04-27,weekly,1,26,,CHE,EURO
SWITZERLAND,2020,18,2020-05-04,weekly,1,14,,CHE,EURO
SWITZERLAND,2020,19,2020-05-11,weekly,1,9,,CHE,EURO
SWITZERLAND,2020,20,2020-05-18,weekly,1,11,,CHE,EURO
SWITZERLAND,2020,21,2020-05-25,weekly,1,7,,CHE,EURO
SWITZERLAND,2020,22,2020-06-01,weekly,1,8,,CHE,EURO
SWITZERLAND,2020,23,2020-06-08,weekly,1,1,,CHE,EURO
SWITZERLAND,2020,24,2020-06-15,weekly,1,2,,CHE,EURO
SWITZERLAND,2020,25,2020-06-22,weekly,1,5,,CHE,EURO
SWITZERLAND,2020,26,2020-06-29,weekly,1,7,,CHE,EURO
SWITZERLAND,2020,27,2020-07-06,weekly,1,26,,CHE,EURO
SWITZERLAND,2020,28,2020-07-13,weekly,1,37,,CHE,EURO
SWITZERLAND,2020,29,2020-07-20,weekly,1,18,,CHE,EURO
SWITZERLAND,2020,30,2020-07-27,weekly,1,40,,CHE,EURO
SWITZERLAND,2020,31,2020-08-03,weekly,1,36,,CHE,EURO
SWITZERLAND,2020,32,2020-08-10,weekly,1,27,,CHE,EURO
SWITZERLAND,2020,33,2020-08-17,weekly,1,31,,CHE,EURO
SWITZERLAND,2020,34,2020-08-24,weekly,1,33,,CHE,EURO
SWITZERLAND,2020,35,2020-08-31,weekly,1,30,,CHE,EURO
SWITZERLAND,2020,36,2020-09-07,weekly,1,32,,CHE,EURO
SWITZERLAND,2020,37,2020-09-14,weekly,1,63,,CHE,EURO
SWITZERLAND,2020,38,2020-09-21,weekly,1,58,,CHE,EURO
SWITZERLAND,2020,39,2020-09-28,weekly,1,48,,CHE,EURO
SWITZERLAND,2020,40,2020-10-05,weekly,1,59,,CHE,EURO
SWITZERLAND,2020,41,2020-10-12,weekly,1,119,,CHE,EURO
SWITZERLAND,2020,42,2020-10-19,weekly,1,297,,CHE,EURO
SWITZERLAND,2020,43,2020-10-26,weekly,1,668,,CHE,EURO
SWITZERLAND,2020,44,2020-11-02,weekly,1,960,,CHE,EURO
SWITZERLAND,2020,45,2020-11-09,weekly,1,943,,CHE,EURO
SWITZERLAND,2020,46,2020-11-16,weekly,1,863,,CHE,EURO
SWITZERLAND,2020,47,2020-11-23,weekly,1,670,,CHE,EURO
SWITZERLAND,2020,48,2020-11-30,weekly,1,591,,CHE,EURO
SWITZERLAND,2020,49,2020-12-07,weekly,1,550,,CHE,EURO
SWITZERLAND,2020,50,2020-12-14,weekly,1,597,,CHE,EURO
SWITZERLAND,2020,51,2020-12-21,weekly,1,563,,CHE,EURO
SWITZERLAND,2020,52,2020-12-28,weekly,1,596,,CHE,EURO
SWITZERLAND,2021,1,2021-01-04,weekly,1,515,,CHE,EURO
SWITZERLAND,2021,2,2021-01-11,weekly,1,385,,CHE,EURO
SWITZERLAND,2021,3,2021-01-18,weekly,1,309,,CHE,EURO
SWITZERLAND,2021,4,2021-01-25,weekly,1,275,,CHE,EURO
SWITZERLAND,2021,5,2021-02-01,weekly,1,250,,CHE,EURO
SWITZERLAND,2021,6,2021-02-08,weekly,1,170,,CHE,EURO
SWITZERLAND,2021,7,2021-02-15,weekly,1,181,,CHE,EURO
SWITZERLAND,2021,8,2021-02-22,weekly,1,165,,CHE,EURO
SWITZERLAND,2021,9,2021-03-01,weekly,1,201,,CHE,EURO
SWITZERLAND,2021,10,2021-03-08,weekly,1,233,,CHE,EURO
SWITZERLAND,2021,11,2021-03-15,weekly,1,253,,CHE,EURO
SWITZERLAND,2021,12,2021-03-22,weekly,1,318,,CHE,EURO
SWITZERLAND,2021,13,2021-03-29,weekly,1,386,,CHE,EURO
SWITZERLAND,2021,14,2021-04-05,weekly,1,342,,CHE,EURO
SWITZERLAND,2021,15,2021-04-12,weekly,1,360,,CHE,EURO
SWITZERLAND,2021,16,2021-04-19,weekly,1,364,,CHE,EURO
SWITZERLAND,2021,17,2021-04-26,weekly,1,349,,CHE,EURO
SWITZERLAND,2021,18,2021-05-03,weekly,1,253,,CHE,EURO
SWITZERLAND,2021,19,2021-05-10,weekly,1,166,,CHE,EURO
SWITZERLAND,2021,20,2021-05-17,weekly,1,192,,CHE,EURO
SWITZERLAND,2021,21,2021-05-24,weekly,1,112,,CHE,EURO
SWITZERLAND,2021,22,2021-05-31,weekly,1,83,,CHE,EURO
SWITZERLAND,2021,23,2021-06-07,weekly,1,54,,CHE,EURO
SWITZERLAND,2021,24,2021-06-14,weekly,1,32,,CHE,EURO
SWITZERLAND,2021,25,2021-06-21,weekly,1,20,,CHE,EURO
SWITZERLAND,2021,26,2021-06-28,weekly,1,12,,CHE,EURO
SWITZERLAND,2021,27,2021-07-05,weekly,1,15,,CHE,EURO
SWITZERLAND,2021,28,2021-07-12,weekly,1,44,,CHE,EURO
SWITZERLAND,2021,29,2021-07-19,weekly,1,69,,CHE,EURO
SWITZERLAND,2021,30,2021-07-26,weekly,1,92,,CHE,EURO
SWITZERLAND,2021,31,2021-08-02,weekly,1,141,,CHE,EURO
SWITZERLAND,2021,32,2021-08-09,weekly,1,304,,CHE,EURO
SWITZERLAND,2021,33,2021-08-16,weekly,1,412,,CHE,EURO
SWITZERLAND,2021,34,2021-08-23,weekly,1,376,,CHE,EURO
SWITZERLAND,2021,35,2021-08-30,weekly,1,325,,CHE,EURO
SWITZERLAND,2021,36,2021-09-06,weekly,1,270,,CHE,EURO
SWITZERLAND,2021,37,2021-09-13,weekly,1,229,,CHE,EURO
SWITZERLAND,2021,38,2021-09-20,weekly,1,184,,CHE,EURO
SWITZERLAND,2021,39,2021-09-27,weekly,1,127,,CHE,EURO
SWITZERLAND,2021,40,2021-10-04,weekly,1,121,,CHE,EURO
SWITZERLAND,2021,41,2021-10-11,weekly,1,109,,CHE,EURO
SWITZERLAND,2021,42,2021-10-18,weekly,1,121,,CHE,EURO
SWITZERLAND,2021,43,2021-10-25,weekly,1,164,,CHE,EURO
SWITZERLAND,2021,44,2021-11-01,weekly,1,202,,CHE,EURO
SWITZERLAND,2021,45,2021-11-08,weekly,1,298,,CHE,EURO
SWITZERLAND,2021,46,2021-11-15,weekly,1,370,,CHE,EURO
SWITZERLAND,2021,47,2021-11-22,weekly,1,477,,CHE,EURO
SWITZERLAND,2021,48,2021-11-29,weekly,1,555,,CHE,EURO
SWITZERLAND,2021,49,2021-12-06,weekly,1,605,,CHE,EURO
SWITZERLAND,2021,50,2021-12-13,weekly,1,531,,CHE,EURO
SWITZERLAND,2021,51,2021-12-20,weekly,1,519,,CHE,EURO
SWITZERLAND,2021,52,2021-12-27,weekly,1,527,,CHE,EURO
SWITZERLAND,2022,1,2022-01-03,weekly,1,526,,CHE,EURO
SWITZERLAND,2022,2,2022-01-10,weekly,1,437,,CHE,EURO
SWITZERLAND,2022,3,2022-01-17,weekly,1,464,,CHE,EURO
SWITZERLAND,2022,4,2022-01-24,weekly,1,460,,CHE,EURO
SWITZERLAND,2022,5,2022-01-31,weekly,1,425,,CHE,EURO
SWITZERLAND,2022,6,2022-02-07,weekly,1,364,,CHE,EURO
SWITZERLAND,2022,7,2022-02-14,weekly,1,337,,CHE,EURO
SWITZERLAND,2022,8,2022-02-21,weekly,1,254,,CHE,EURO
SWITZERLAND,2022,9,2022-02-28,weekly,1,349,,CHE,EURO
SWITZERLAND,2022,10,2022-03-07,weekly,1,405,,CHE,EURO
SWITZERLAND,2022,11,2022-03-14,weekly,1,416,,CHE,EURO
SWITZERLAND,2022,12,2022-03-21,weekly,1,373,,CHE,EURO
SWITZERLAND,2022,13,2022-03-28,weekly,1,298,,CHE,EURO
SWITZERLAND,2022,14,2022-04-04,weekly,1,198,,CHE,EURO
SWITZERLAND,2022,15,2022-04-11,weekly,1,183,,CHE,EURO
SWITZERLAND,2022,16,2022-04-18,weekly,1,148,,CHE,EURO
SWITZERLAND,2022,17,2022-04-25,weekly,1,90,,CHE,EURO
SWITZERLAND,2022,18,2022-05-02,weekly,1,79,,CHE,EURO
SWITZERLAND,2022,19,2022-05-09,weekly,1,70,,CHE,EURO
SWITZERLAND,2022,20,2022-05-16,weekly,1,64,,CHE,EURO
SWITZERLAND,2022,21,2022-05-23,weekly,1,52,,CHE,EURO
SWITZERLAND,2022,22,2022-05-30,weekly,1,65,,CHE,EURO
SWITZERLAND,2022,23,2022-06-06,weekly,1,91,,CHE,EURO
SWITZERLAND,2022,24,2022-06-13,weekly,1,147,,CHE,EURO
SWITZERLAND,2022,25,2022-06-20,weekly,1,192,,CHE,EURO
SWITZERLAND,2022,26,2022-06-27,weekly,1,247,,CHE,EURO
SWITZERLAND,2022,27,2022-07-04,weekly,1,267,,CHE,EURO
SWITZERLAND,2022,28,2022-07-11,weekly,1,213,,CHE,EURO
SWITZERLAND,2022,29,2022-07-18,weekly,1,196,,CHE,EURO
SWITZERLAND,2022,30,2022-07-25,weekly,1,145,,CHE,EURO
SWITZERLAND,2022,31,2022-08-01,weekly,1,117,,CHE,EURO
SWITZERLAND,2022,32,2022-08-08,weekly,1,109,,CHE,EURO
SWITZERLAND,2022,33,2022-08-15,weekly,1,90,,CHE,EURO
SWITZERLAND,2022,34,2022-08-22,weekly,1,95,,CHE,EURO
SWITZERLAND,2022,35,2022-08-29,weekly,1,78,,CHE,EURO
SWITZERLAND,2022,36,2022-09-05,weekly,1,91,,CHE,EURO
SWITZERLAND,2022,37,2022-09-12,weekly,1,70,,CHE,EURO
SWITZERLAND,2022,38,2022-09-19,weekly,1,118,,CHE,EURO
SWITZERLAND,2022,39,2022-09-26,weekly,1,188,,CHE,EURO
SWITZERLAND,2022,40,2022-10-03,weekly,1,236,,CHE,EURO
SWITZERLAND,2022,41,2022-10-10,weekly,1,292,,CHE,EURO
SWITZERLAND,2022,42,2022-10-17,weekly,1,239,,CHE,EURO
SWITZERLAND,2022,43,2022-10-24,weekly,1,189,,CHE,EURO
SWITZERLAND,2022,44,2022-10-31,weekly,1,132,,CHE,EURO
SWITZERLAND,2022,45,2022-11-07,weekly,1,128,,CHE,EURO
SWITZERLAND,2022,46,2022-11-14,weekly,1,162,,CHE,EURO
SWITZERLAND,2022,47,2022-11-21,weekly,1,175,,CHE,EURO
SWITZERLAND,2022,48,2022-11-28,weekly,1,188,,CHE,EURO
SWITZERLAND,2022,49,2022-12-05,weekly,1,178,,CHE,EURO
SWITZERLAND,2022,50,2022-12-12,weekly,1,175,,CHE,EURO
SWITZERLAND,2022,51,2022-12-19,weekly,1,153,,CHE,EURO
SWITZERLAND,2022,52,2022-12-26,weekly,1,115,,CHE,EURO
SWITZERLAND,2023,1,2023-01-02,weekly,1,76,,CHE,EURO
SWITZERLAND,2023,2,2023-01-09,weekly,1,29,,CHE,EURO
THE UNITED KINGDOM,2020,12,2020-03-23,weekly,1,13926,,GBR,EURO
THE UNITED KINGDOM,2020,13,2020-03-30,weekly,1,21639,8711,GBR,EURO
THE UNITED KINGDOM,2020,14,2020-04-06,weekly,1,18484,21241,GBR,EURO
THE UNITED KINGDOM,2020,15,2020-04-13,weekly,1,13394,22546,GBR,EURO
THE UNITED KINGDOM,2020,16,2020-04-20,weekly,1,10620,19982,GBR,EURO
THE UNITED KINGDOM,2020,17,2020-04-27,weekly,1,9614,15578,GBR,EURO
THE UNITED KINGDOM,2020,18,2020-05-04,weekly,1,7533,12062,GBR,EURO
THE UNITED KINGDOM,2020,19,2020-05-11,weekly,1,6359,9322,GBR,EURO
THE UNITED KINGDOM,2020,20,2020-05-18,weekly,1,5389,7067,GBR,EURO
THE UNITED KINGDOM,2020,21,2020-05-25,weekly,1,4423,5346,GBR,EURO
THE UNITED KINGDOM,2020,22,2020-06-01,weekly,1,3757,4070,GBR,EURO
THE UNITED KINGDOM,2020,23,2020-06-08,weekly,1,3002,3005,GBR,EURO
THE UNITED KINGDOM,2020,24,2020-06-15,weekly,1,2609,2458,GBR,EURO
THE UNITED KINGDOM,2020,25,2020-06-22,weekly,1,2277,2051,GBR,EURO
THE UNITED KINGDOM,2020,26,2020-06-29,weekly,1,1613,1708,GBR,EURO
THE UNITED KINGDOM,2020,27,2020-07-06,weekly,1,1305,1297,GBR,EURO
THE UNITED KINGDOM,2020,28,2020-07-13,weekly,1,1083,1013,GBR,EURO
THE UNITED KINGDOM,2020,29,2020-07-20,weekly,1,999,776,GBR,EURO
THE UNITED KINGDOM,2020,30,2020-07-27,weekly,1,846,624,GBR,EURO
THE UNITED KINGDOM,2020,31,2020-08-03,weekly,1,837,489,GBR,EURO
THE UNITED KINGDOM,2020,32,2020-08-10,weekly,1,709,525,GBR,EURO
THE UNITED KINGDOM,2020,33,2020-08-17,weekly,1,690,507,GBR,EURO
THE UNITED KINGDOM,2020,34,2020-08-24,weekly,1,817,465,GBR,EURO
THE UNITED KINGDOM,2020,35,2020-08-31,weekly,1,936,515,GBR,EURO
THE UNITED KINGDOM,2020,36,2020-09-07,weekly,1,1423,636,GBR,EURO
THE UNITED KINGDOM,2020,37,2020-09-14,weekly,1,1881,918,GBR,EURO
THE UNITED KINGDOM,2020,38,2020-09-21,weekly,1,2641,1662,GBR,EURO
THE UNITED KINGDOM,2020,39,2020-09-28,weekly,1,3563,2392,GBR,EURO
THE UNITED KINGDOM,2020,40,2020-10-05,weekly,1,5019,3067,GBR,EURO
THE UNITED KINGDOM,2020,41,2020-10-12,weekly,1,6992,4003,GBR,EURO
THE UNITED KINGDOM,2020,42,2020-10-19,weekly,1,8831,5136,GBR,EURO
THE UNITED KINGDOM,2020,43,2020-10-26,weekly,1,10464,6648,GBR,EURO
THE UNITED KINGDOM,2020,44,2020-11-02,weekly,1,11042,8221,GBR,EURO
THE UNITED KINGDOM,2020,45,2020-11-09,weekly,1,12454,9150,GBR,EURO
THE UNITED KINGDOM,2020,46,2020-11-16,weekly,1,11466,9990,GBR,EURO
THE UNITED KINGDOM,2020,47,2020-11-23,weekly,1,10016,10094,GBR,EURO
THE UNITED KINGDOM,2020,48,2020-11-30,weekly,1,10165,9054,GBR,EURO
THE UNITED KINGDOM,2020,49,2020-12-07,weekly,1,12195,8852,GBR,EURO
THE UNITED KINGDOM,2020,50,2020-12-14,weekly,1,14270,9538,GBR,EURO
THE UNITED KINGDOM,2020,51,2020-12-21,weekly,1,16801,11251,GBR,EURO
THE UNITED KINGDOM,2020,52,2020-12-28,weekly,1,23048,14812,GBR,EURO
THE UNITED KINGDOM,2021,1,2021-01-04,weekly,1,28812,20462,GBR,EURO
THE UNITED KINGDOM,2021,2,2021-01-11,weekly,1,28593,25671,GBR,EURO
THE UNITED KINGDOM,2021,3,2021-01-18,weekly,1,25537,27995,GBR,EURO
THE UNITED KINGDOM,2021,4,2021-01-25,weekly,1,19749,27173,GBR,EURO
THE UNITED KINGDOM,2021,5,2021-02-01,weekly,1,15340,24741,GBR,EURO
THE UNITED KINGDOM,2021,6,2021-02-08,weekly,1,11558,21198,GBR,EURO
THE UNITED KINGDOM,2021,7,2021-02-15,weekly,1,9268,17818,GBR,EURO
THE UNITED KINGDOM,2021,8,2021-02-22,weekly,1,6610,14244,GBR,EURO
THE UNITED KINGDOM,2021,9,2021-03-01,weekly,1,4849,11136,GBR,EURO
THE UNITED KINGDOM,2021,10,2021-03-08,weekly,1,3644,8322,GBR,EURO
THE UNITED KINGDOM,2021,11,2021-03-15,weekly,1,2942,6173,GBR,EURO
THE UNITED KINGDOM,2021,12,2021-03-22,weekly,1,2264,4562,GBR,EURO
THE UNITED KINGDOM,2021,13,2021-03-29,weekly,1,1668,3647,GBR,EURO
THE UNITED KINGDOM,2021,14,2021-04-05,weekly,1,1500,2950,GBR,EURO
THE UNITED KINGDOM,2021,15,2021-04-12,weekly,1,1205,2393,GBR,EURO
THE UNITED KINGDOM,2021,16,2021-04-19,weekly,1,1033,1869,GBR,EURO
THE UNITED KINGDOM,2021,17,2021-04-26,weekly,1,855,1414,GBR,EURO
THE UNITED KINGDOM,2021,18,2021-05-03,weekly,1,784,1167,GBR,EURO
THE UNITED KINGDOM,2021,19,2021-05-10,weekly,1,708,920,GBR,EURO
THE UNITED KINGDOM,2021,20,2021-05-17,weekly,1,849,861,GBR,EURO
THE UNITED KINGDOM,2021,21,2021-05-24,weekly,1,887,861,GBR,EURO
THE UNITED KINGDOM,2021,22,2021-05-31,weekly,1,951,931,GBR,EURO
THE UNITED KINGDOM,2021,23,2021-06-07,weekly,1,1339,1137,GBR,EURO
THE UNITED KINGDOM,2021,24,2021-06-14,weekly,1,1590,1460,GBR,EURO
THE UNITED KINGDOM,2021,25,2021-06-21,weekly,1,1798,1759,GBR,EURO
THE UNITED KINGDOM,2021,26,2021-06-28,weekly,1,2724,2151,GBR,EURO
THE UNITED KINGDOM,2021,27,2021-07-05,weekly,1,3981,2934,GBR,EURO
THE UNITED KINGDOM,2021,28,2021-07-12,weekly,1,5221,3838,GBR,EURO
THE UNITED KINGDOM,2021,29,2021-07-19,weekly,1,6334,4824,GBR,EURO
THE UNITED KINGDOM,2021,30,2021-07-26,weekly,1,5716,6049,GBR,EURO
THE UNITED KINGDOM,2021,31,2021-08-02,weekly,1,5453,6114,GBR,EURO
THE UNITED KINGDOM,2021,32,2021-08-09,weekly,1,5750,6168,GBR,EURO
THE UNITED KINGDOM,2021,33,2021-08-16,weekly,1,6283,6553,GBR,EURO
THE UNITED KINGDOM,2021,34,2021-08-23,weekly,1,6624,6767,GBR,EURO
THE UNITED KINGDOM,2021,35,2021-08-30,weekly,1,6843,7137,GBR,EURO
THE UNITED KINGDOM,2021,36,2021-09-06,weekly,1,7030,7358,GBR,EURO
THE UNITED KINGDOM,2021,37,2021-09-13,weekly,1,5986,7238,GBR,EURO
THE UNITED KINGDOM,2021,38,2021-09-20,weekly,1,5241,6371,GBR,EURO
THE UNITED KINGDOM,2021,39,2021-09-27,weekly,1,5199,5632,GBR,EURO
THE UNITED KINGDOM,2021,40,2021-10-04,weekly,1,5557,5476,GBR,EURO
THE UNITED KINGDOM,2021,41,2021-10-11,weekly,1,6461,5506,GBR,EURO
THE UNITED KINGDOM,2021,42,2021-10-18,weekly,1,7141,6084,GBR,EURO
THE UNITED KINGDOM,2021,43,2021-10-25,weekly,1,7390,6664,GBR,EURO
THE UNITED KINGDOM,2021,44,2021-11-01,weekly,1,6637,7163,GBR,EURO
THE UNITED KINGDOM,2021,45,2021-11-08,weekly,1,6443,6998,GBR,EURO
THE UNITED KINGDOM,2021,46,2021-11-15,weekly,1,5722,6496,GBR,EURO
THE UNITED KINGDOM,2021,47,2021-11-22,weekly,1,5382,6455,GBR,EURO
THE UNITED KINGDOM,2021,48,2021-11-29,weekly,1,5653,6314,GBR,EURO
THE UNITED KINGDOM,2021,49,2021-12-06,weekly,1,6151,6248,GBR,EURO
THE UNITED KINGDOM,2021,50,2021-12-13,weekly,1,6503,6151,GBR,EURO
THE UNITED KINGDOM,2021,51,2021-12-20,weekly,1,9485,5914,GBR,EURO
THE UNITED KINGDOM,2021,52,2021-12-27,weekly,1,15633,6068,GBR,EURO
THE UNITED KINGDOM,2022,1,2022-01-03,weekly,1,15998,5997,GBR,EURO
THE UNITED KINGDOM,2022,2,2022-01-10,weekly,1,14920,5349,GBR,EURO
THE UNITED KINGDOM,2022,3,2022-01-17,weekly,1,12751,4623,GBR,EURO
THE UNITED KINGDOM,2022,4,2022-01-24,weekly,1,11659,3865,GBR,EURO
THE UNITED KINGDOM,2022,5,2022-01-31,weekly,1,10613,3347,GBR,EURO
THE UNITED KINGDOM,2022,6,2022-02-07,weekly,1,9213,2935,GBR,EURO
THE UNITED KINGDOM,2022,7,2022-02-14,weekly,1,8540,2433,GBR,EURO
THE UNITED KINGDOM,2022,8,2022-02-21,weekly,1,8187,2026,GBR,EURO
THE UNITED KINGDOM,2022,9,2022-02-28,weekly,1,9779,1887,GBR,EURO
THE UNITED KINGDOM,2022,10,2022-03-07,weekly,1,11985,1826,GBR,EURO
THE UNITED KINGDOM,2022,11,2022-03-14,weekly,1,14434,1978,GBR,EURO
THE UNITED KINGDOM,2022,12,2022-03-21,weekly,1,16207,2269,GBR,EURO
THE UNITED KINGDOM,2022,13,2022-03-28,weekly,1,16780,2487,GBR,EURO
THE UNITED KINGDOM,2022,14,2022-04-04,weekly,1,15663,2527,GBR,EURO
THE UNITED KINGDOM,2022,15,2022-04-11,weekly,1,12981,2448,GBR,EURO
THE UNITED KINGDOM,2022,16,2022-04-18,weekly,1,10014,2323,GBR,EURO
THE UNITED KINGDOM,2022,17,2022-04-25,weekly,1,7601,2160,GBR,EURO
THE UNITED KINGDOM,2022,18,2022-05-02,weekly,1,6175,1784,GBR,EURO
THE UNITED KINGDOM,2022,19,2022-05-09,weekly,1,5215,1394,GBR,EURO
THE UNITED KINGDOM,2022,20,2022-05-16,weekly,1,4322,1322,GBR,EURO
THE UNITED KINGDOM,2022,21,2022-05-23,weekly,1,3870,,GBR,EURO
THE UNITED KINGDOM,2022,22,2022-05-30,weekly,1,4046,,GBR,EURO
THE UNITED KINGDOM,2022,23,2022-06-06,weekly,1,5401,,GBR,EURO
THE UNITED KINGDOM,2022,24,2022-06-13,weekly,1,7017,,GBR,EURO
THE UNITED KINGDOM,2022,25,2022-06-20,weekly,1,9626,,GBR,EURO
THE UNITED KINGDOM,2022,26,2022-06-27,weekly,1,12340,,GBR,EURO
THE UNITED KINGDOM,2022,27,2022-07-04,weekly,1,14692,,GBR,EURO
THE UNITED KINGDOM,2022,28,2022-07-11,weekly,1,13880,,GBR,EURO
THE UNITED KINGDOM,2022,29,2022-07-18,weekly,1,11945,,GBR,EURO
THE UNITED KINGDOM,2022,30,2022-07-25,weekly,1,9152,,GBR,EURO
THE UNITED KINGDOM,2022,31,2022-08-01,weekly,1,7678,,GBR,EURO
THE UNITED KINGDOM,2022,32,2022-08-08,weekly,1,6903,,GBR,EURO
THE UNITED KINGDOM,2022,33,2022-08-15,weekly,1,5609,,GBR,EURO
THE UNITED KINGDOM,2022,34,2022-08-22,weekly,1,4757,,GBR,EURO
THE UNITED KINGDOM,2022,35,2022-08-29,weekly,1,4218,,GBR,EURO
THE UNITED KINGDOM,2022,36,2022-09-05,weekly,1,3961,,GBR,EURO
UNITED STATES VIRGIN ISLANDS,2020,27,2020-07-06,weekly,1,14,,VIR,AMRO
UNITED STATES VIRGIN ISLANDS,2020,28,2020-07-13,weekly,1,15,,VIR,AMRO
UNITED STATES VIRGIN ISLANDS,2020,29,2020-07-20,weekly,1,5,,VIR,AMRO
UNITED STATES VIRGIN ISLANDS,2020,30,2020-07-27,weekly,1,1,,VIR,AMRO
UNITED STATES VIRGIN ISLANDS,2020,31,2020-08-03,weekly,1,1,,VIR,AMRO
UNITED STATES VIRGIN ISLANDS,2020,32,2020-08-10,weekly,1,3,,VIR,AMRO
UNITED STATES VIRGIN ISLANDS,2020,33,2020-08-17,weekly,1,16,,VIR,AMRO
UNITED STATES VIRGIN ISLANDS,2020,34,2020-08-24,weekly,1,7,,VIR,AMRO
UNITED STATES VIRGIN ISLANDS,2020,35,2020-08-31,weekly,1,4,,VIR,AMRO
UNITED STATES VIRGIN ISLANDS,2020,36,2020-09-07,weekly,1,1,,VIR,AMRO
UNITED STATES VIRGIN ISLANDS,2020,43,2020-10-26,weekly,1,1,,VIR,AMRO
UNITED STATES VIRGIN ISLANDS,2020,46,2020-11-16,weekly,1,1,,VIR,AMRO
UNITED STATES VIRGIN ISLANDS,2020,47,2020-11-23,weekly,1,1,,VIR,AMRO
UNITED STATES VIRGIN ISLANDS,2020,48,2020-11-30,weekly,1,1,,VIR,AMRO
UNITED STATES VIRGIN ISLANDS,2020,49,2020-12-07,weekly,1,2,,VIR,AMRO
UNITED STATES VIRGIN ISLANDS,2020,50,2020-12-14,weekly,1,2,,VIR,AMRO
UNITED STATES VIRGIN ISLANDS,2020,51,2020-12-21,weekly,1,1,,VIR,AMRO
UNITED STATES VIRGIN ISLANDS,2020,52,2020-12-28,weekly,1,4,,VIR,AMRO
UNITED STATES VIRGIN ISLANDS,2021,2,2021-01-11,weekly,1,1,,VIR,AMRO
UNITED STATES VIRGIN ISLANDS,2021,3,2021-01-18,weekly,1,2,,VIR,AMRO
UNITED STATES VIRGIN ISLANDS,2021,4,2021-01-25,weekly,1,4,,VIR,AMRO
UNITED STATES VIRGIN ISLANDS,2021,8,2021-02-22,weekly,1,2,,VIR,AMRO
UNITED STATES VIRGIN ISLANDS,2021,10,2021-03-08,weekly,1,3,,VIR,AMRO
UNITED STATES VIRGIN ISLANDS,2021,13,2021-03-29,weekly,1,3,,VIR,AMRO
UNITED STATES VIRGIN ISLANDS,2021,14,2021-04-05,weekly,1,5,,VIR,AMRO
UNITED STATES VIRGIN ISLANDS,2021,15,2021-04-12,weekly,1,1,,VIR,AMRO
UNITED STATES VIRGIN ISLANDS,2021,16,2021-04-19,weekly,1,6,,VIR,AMRO
UNITED STATES VIRGIN ISLANDS,2021,17,2021-04-26,weekly,1,2,,VIR,AMRO
UNITED STATES VIRGIN ISLANDS,2021,18,2021-05-03,weekly,1,1,,VIR,AMRO
UNITED STATES VIRGIN ISLANDS,2021,19,2021-05-10,weekly,1,1,,VIR,AMRO
UNITED STATES VIRGIN ISLANDS,2021,22,2021-05-31,weekly,1,1,,VIR,AMRO
UNITED STATES VIRGIN ISLANDS,2021,23,2021-06-07,weekly,1,10,,VIR,AMRO
UNITED STATES VIRGIN ISLANDS,2021,24,2021-06-14,weekly,1,1,,VIR,AMRO
UNITED STATES VIRGIN ISLANDS,2021,25,2021-06-21,weekly,1,7,,VIR,AMRO
UNITED STATES VIRGIN ISLANDS,2021,26,2021-06-28,weekly,1,2,,VIR,AMRO
UNITED STATES VIRGIN ISLANDS,2021,27,2021-07-05,weekly,1,4,,VIR,AMRO
UNITED STATES VIRGIN ISLANDS,2021,28,2021-07-12,weekly,1,10,,VIR,AMRO
UNITED STATES VIRGIN ISLANDS,2021,29,2021-07-19,weekly,1,7,,VIR,AMRO
UNITED STATES VIRGIN ISLANDS,2021,30,2021-07-26,weekly,1,6,,VIR,AMRO
UNITED STATES VIRGIN ISLANDS,2021,31,2021-08-02,weekly,1,6,,VIR,AMRO
UNITED STATES VIRGIN ISLANDS,2021,32,2021-08-09,weekly,1,15,,VIR,AMRO
UNITED STATES VIRGIN ISLANDS,2021,33,2021-08-16,weekly,1,3,,VIR,AMRO
UNITED STATES VIRGIN ISLANDS,2021,34,2021-08-23,weekly,1,3,,VIR,AMRO
UNITED STATES VIRGIN ISLANDS,2021,35,2021-08-30,weekly,1,2,,VIR,AMRO
UNITED STATES VIRGIN ISLANDS,2021,36,2021-09-06,weekly,1,5,,VIR,AMRO
UNITED STATES VIRGIN ISLANDS,2021,37,2021-09-13,weekly,1,5,,VIR,AMRO
UNITED STATES VIRGIN ISLANDS,2021,38,2021-09-20,weekly,1,3,,VIR,AMRO
UNITED STATES VIRGIN ISLANDS,2021,39,2021-09-27,weekly,1,7,,VIR,AMRO
UNITED STATES VIRGIN ISLANDS,2021,40,2021-10-04,weekly,1,3,,VIR,AMRO
UNITED STATES VIRGIN ISLANDS,2021,41,2021-10-11,weekly,1,2,,VIR,AMRO
UNITED STATES VIRGIN ISLANDS,2021,42,2021-10-18,weekly,1,5,,VIR,AMRO
UNITED STATES VIRGIN ISLANDS,2021,43,2021-10-25,weekly,1,3,,VIR,AMRO
UNITED STATES VIRGIN ISLANDS,2021,44,2021-11-01,weekly,1,2,,VIR,AMRO
UNITED STATES VIRGIN ISLANDS,2021,45,2021-11-08,weekly,1,2,,VIR,AMRO
UNITED STATES VIRGIN ISLANDS,2021,46,2021-11-15,weekly,1,4,,VIR,AMRO
UNITED STATES VIRGIN ISLANDS,2021,47,2021-11-22,weekly,1,2,,VIR,AMRO
UNITED STATES VIRGIN ISLANDS,2021,48,2021-11-29,weekly,1,2,,VIR,AMRO
UNITED STATES VIRGIN ISLANDS,2021,49,2021-12-06,weekly,1,1,,VIR,AMRO
UNITED STATES VIRGIN ISLANDS,2021,50,2021-12-13,weekly,1,3,,VIR,AMRO
UNITED STATES VIRGIN ISLANDS,2021,51,2021-12-20,weekly,1,6,,VIR,AMRO
UNITED STATES VIRGIN ISLANDS,2021,52,2021-12-27,weekly,1,9,,VIR,AMRO
UNITED STATES VIRGIN ISLANDS,2022,1,2022-01-03,weekly,1,16,,VIR,AMRO
UNITED STATES VIRGIN ISLANDS,2022,2,2022-01-10,weekly,1,17,,VIR,AMRO
UNITED STATES VIRGIN ISLANDS,2022,3,2022-01-17,weekly,1,31,,VIR,AMRO
UNITED STATES VIRGIN ISLANDS,2022,4,2022-01-24,weekly,1,19,,VIR,AMRO
UNITED STATES VIRGIN ISLANDS,2022,5,2022-01-31,weekly,1,5,,VIR,AMRO
UNITED STATES VIRGIN ISLANDS,2022,6,2022-02-07,weekly,1,4,,VIR,AMRO
UNITED STATES VIRGIN ISLANDS,2022,7,2022-02-14,weekly,1,1,,VIR,AMRO
UNITED STATES VIRGIN ISLANDS,2022,8,2022-02-21,weekly,1,1,,VIR,AMRO
UNITED STATES VIRGIN ISLANDS,2022,9,2022-02-28,weekly,1,1,,VIR,AMRO
UNITED STATES VIRGIN ISLANDS,2022,10,2022-03-07,weekly,1,2,,VIR,AMRO
UNITED STATES VIRGIN ISLANDS,2022,11,2022-03-14,weekly,1,1,,VIR,AMRO
UNITED STATES VIRGIN ISLANDS,2022,12,2022-03-21,weekly,1,2,,VIR,AMRO
UNITED STATES VIRGIN ISLANDS,2022,14,2022-04-04,weekly,1,3,,VIR,AMRO
UNITED STATES VIRGIN ISLANDS,2022,15,2022-04-11,weekly,1,1,,VIR,AMRO
UNITED STATES VIRGIN ISLANDS,2022,16,2022-04-18,weekly,1,4,,VIR,AMRO
UNITED STATES VIRGIN ISLANDS,2022,17,2022-04-25,weekly,1,5,,VIR,AMRO
UNITED STATES VIRGIN ISLANDS,2022,18,2022-05-02,weekly,1,3,,VIR,AMRO
UNITED STATES VIRGIN ISLANDS,2022,19,2022-05-09,weekly,1,10,,VIR,AMRO
UNITED STATES VIRGIN ISLANDS,2022,20,2022-05-16,weekly,1,20,,VIR,AMRO
UNITED STATES VIRGIN ISLANDS,2022,21,2022-05-23,weekly,1,16,,VIR,AMRO
UNITED STATES VIRGIN ISLANDS,2022,22,2022-05-30,weekly,1,6,,VIR,AMRO
UNITED STATES VIRGIN ISLANDS,2022,23,2022-06-06,weekly,1,8,,VIR,AMRO
UNITED STATES VIRGIN ISLANDS,2022,24,2022-06-13,weekly,1,6,,VIR,AMRO
UNITED STATES VIRGIN ISLANDS,2022,25,2022-06-20,weekly,1,2,,VIR,AMRO
UNITED STATES VIRGIN ISLANDS,2022,26,2022-06-27,weekly,1,5,,VIR,AMRO
UNITED STATES VIRGIN ISLANDS,2022,27,2022-07-04,weekly,1,12,,VIR,AMRO
UNITED STATES VIRGIN ISLANDS,2022,28,2022-07-11,weekly,1,8,,VIR,AMRO
UNITED STATES VIRGIN ISLANDS,2022,29,2022-07-18,weekly,1,5,,VIR,AMRO
UNITED STATES VIRGIN ISLANDS,2022,30,2022-07-25,weekly,1,10,,VIR,AMRO
UNITED STATES VIRGIN ISLANDS,2022,32,2022-08-08,weekly,1,7,,VIR,AMRO
UNITED STATES VIRGIN ISLANDS,2022,33,2022-08-15,weekly,1,9,,VIR,AMRO
UNITED STATES VIRGIN ISLANDS,2022,34,2022-08-22,weekly,1,9,,VIR,AMRO
UNITED STATES VIRGIN ISLANDS,2022,35,2022-08-29,weekly,1,7,,VIR,AMRO
UNITED STATES VIRGIN ISLANDS,2022,36,2022-09-05,weekly,1,8,,VIR,AMRO
UNITED STATES VIRGIN ISLANDS,2022,37,2022-09-12,weekly,1,8,,VIR,AMRO
UNITED STATES VIRGIN ISLANDS,2022,38,2022-09-19,weekly,1,9,,VIR,AMRO
UNITED STATES VIRGIN ISLANDS,2022,39,2022-09-26,weekly,1,2,,VIR,AMRO
UNITED STATES VIRGIN ISLANDS,2022,40,2022-10-03,weekly,1,2,,VIR,AMRO
UNITED STATES VIRGIN ISLANDS,2022,41,2022-10-10,weekly,1,1,,VIR,AMRO
UNITED STATES VIRGIN ISLANDS,2022,42,2022-10-17,weekly,1,6,,VIR,AMRO
UNITED STATES VIRGIN ISLANDS,2022,45,2022-11-07,weekly,1,2,,VIR,AMRO
UNITED STATES VIRGIN ISLANDS,2022,46,2022-11-14,weekly,1,1,,VIR,AMRO
UNITED STATES VIRGIN ISLANDS,2022,48,2022-11-28,weekly,1,1,,VIR,AMRO
UNITED STATES VIRGIN ISLANDS,2022,50,2022-12-12,weekly,1,4,,VIR,AMRO
UNITED STATES VIRGIN ISLANDS,2022,51,2022-12-19,weekly,1,1,,VIR,AMRO
UNITED STATES VIRGIN ISLANDS,2022,52,2022-12-26,weekly,1,7,,VIR,AMRO
UNITED STATES VIRGIN ISLANDS,2023,1,2023-01-02,weekly,1,3,,VIR,AMRO
UNITED STATES VIRGIN ISLANDS,2023,2,2023-01-09,weekly,1,6,,VIR,AMRO
UNITED STATES VIRGIN ISLANDS,2023,3,2023-01-16,weekly,1,7,,VIR,AMRO
UNITED STATES VIRGIN ISLANDS,2023,4,2023-01-23,weekly,1,6,,VIR,AMRO
UNITED STATES VIRGIN ISLANDS,2023,5,2023-01-30,weekly,1,9,,VIR,AMRO
UNITED STATES VIRGIN ISLANDS,2023,6,2023-02-06,weekly,1,4,,VIR,AMRO
UNITED STATES VIRGIN ISLANDS,2023,7,2023-02-13,weekly,1,1,,VIR,AMRO
UNITED STATES VIRGIN ISLANDS,2023,8,2023-02-20,weekly,1,2,,VIR,AMRO
UNITED STATES VIRGIN ISLANDS,2023,9,2023-02-27,weekly,1,1,,VIR,AMRO
UNITED STATES VIRGIN ISLANDS,2023,10,2023-03-06,weekly,1,4,,VIR,AMRO
UNITED STATES VIRGIN ISLANDS,2023,11,2023-03-13,weekly,1,2,,VIR,AMRO
UNITED STATES VIRGIN ISLANDS,2023,12,2023-03-20,weekly,1,2,,VIR,AMRO
UNITED STATES VIRGIN ISLANDS,2023,13,2023-03-27,weekly,1,1,,VIR,AMRO
UNITED STATES VIRGIN ISLANDS,2023,14,2023-04-03,weekly,1,3,,VIR,AMRO
UNITED STATES OF AMERICA,2019,52,2019-12-30,weekly,1,528,,USA,AMRO
UNITED STATES OF AMERICA,2020,1,2020-01-06,weekly,1,132,,USA,AMRO
UNITED STATES OF AMERICA,2020,11,2020-03-16,weekly,1,1,,USA,AMRO
UNITED STATES OF AMERICA,2020,12,2020-03-23,weekly,1,16,,USA,AMRO
UNITED STATES OF AMERICA,2020,13,2020-03-30,weekly,1,12,,USA,AMRO
UNITED STATES OF AMERICA,2020,14,2020-04-06,weekly,1,529,,USA,AMRO
UNITED STATES OF AMERICA,2020,15,2020-04-13,weekly,1,469,,USA,AMRO
UNITED STATES OF AMERICA,2020,16,2020-04-20,weekly,1,338,,USA,AMRO
UNITED STATES OF AMERICA,2020,17,2020-04-27,weekly,1,557,,USA,AMRO
UNITED STATES OF AMERICA,2020,18,2020-05-04,weekly,1,451,,USA,AMRO
UNITED STATES OF AMERICA,2020,19,2020-05-11,weekly,1,459,,USA,AMRO
UNITED STATES OF AMERICA,2020,20,2020-05-18,weekly,1,399,,USA,AMRO
UNITED STATES OF AMERICA,2020,21,2020-05-25,weekly,1,303,,USA,AMRO
UNITED STATES OF AMERICA,2020,22,2020-06-01,weekly,1,200,,USA,AMRO
UNITED STATES OF AMERICA,2020,23,2020-06-08,weekly,1,288,,USA,AMRO
UNITED STATES OF AMERICA,2020,24,2020-06-15,weekly,1,251,,USA,AMRO
UNITED STATES OF AMERICA,2020,25,2020-06-22,weekly,1,511,,USA,AMRO
UNITED STATES OF AMERICA,2020,26,2020-06-29,weekly,1,846,,USA,AMRO
UNITED STATES OF AMERICA,2020,27,2020-07-06,weekly,1,999,,USA,AMRO
UNITED STATES OF AMERICA,2020,28,2020-07-13,weekly,1,22000,,USA,AMRO
UNITED STATES OF AMERICA,2020,29,2020-07-20,weekly,1,33644,,USA,AMRO
UNITED STATES OF AMERICA,2020,30,2020-07-27,weekly,1,38484,,USA,AMRO
UNITED STATES OF AMERICA,2020,31,2020-08-03,weekly,1,32884,,USA,AMRO
UNITED STATES OF AMERICA,2020,32,2020-08-10,weekly,1,31510,,USA,AMRO
UNITED STATES OF AMERICA,2020,33,2020-08-17,weekly,1,30245,,USA,AMRO
UNITED STATES OF AMERICA,2020,34,2020-08-24,weekly,1,29747,,USA,AMRO
UNITED STATES OF AMERICA,2020,35,2020-08-31,weekly,1,26933,,USA,AMRO
UNITED STATES OF AMERICA,2020,36,2020-09-07,weekly,1,28234,,USA,AMRO
UNITED STATES OF AMERICA,2020,37,2020-09-14,weekly,1,23851,,USA,AMRO
UNITED STATES OF AMERICA,2020,38,2020-09-21,weekly,1,24693,,USA,AMRO
UNITED STATES OF AMERICA,2020,39,2020-09-28,weekly,1,27417,,USA,AMRO
UNITED STATES OF AMERICA,2020,40,2020-10-05,weekly,1,33428,,USA,AMRO
UNITED STATES OF AMERICA,2020,41,2020-10-12,weekly,1,36880,,USA,AMRO
UNITED STATES OF AMERICA,2020,42,2020-10-19,weekly,1,40806,,USA,AMRO
UNITED STATES OF AMERICA,2020,43,2020-10-26,weekly,1,46012,,USA,AMRO
UNITED STATES OF AMERICA,2020,44,2020-11-02,weekly,1,56324,,USA,AMRO
UNITED STATES OF AMERICA,2020,45,2020-11-09,weekly,1,70636,,USA,AMRO
UNITED STATES OF AMERICA,2020,46,2020-11-16,weekly,1,81587,,USA,AMRO
UNITED STATES OF AMERICA,2020,47,2020-11-23,weekly,1,86627,,USA,AMRO
UNITED STATES OF AMERICA,2020,48,2020-11-30,weekly,1,94234,,USA,AMRO
UNITED STATES OF AMERICA,2020,49,2020-12-07,weekly,1,101309,,USA,AMRO
UNITED STATES OF AMERICA,2020,50,2020-12-14,weekly,1,104628,,USA,AMRO
UNITED STATES OF AMERICA,2020,51,2020-12-21,weekly,1,106027,,USA,AMRO
UNITED STATES OF AMERICA,2020,52,2020-12-28,weekly,1,111856,,USA,AMRO
UNITED STATES OF AMERICA,2021,1,2021-01-04,weekly,1,116066,,USA,AMRO
UNITED STATES OF AMERICA,2021,2,2021-01-11,weekly,1,108598,,USA,AMRO
UNITED STATES OF AMERICA,2021,3,2021-01-18,weekly,1,94286,,USA,AMRO
UNITED STATES OF AMERICA,2021,4,2021-01-25,weekly,1,80394,,USA,AMRO
UNITED STATES OF AMERICA,2021,5,2021-02-01,weekly,1,69176,,USA,AMRO
UNITED STATES OF AMERICA,2021,6,2021-02-08,weekly,1,55658,,USA,AMRO
UNITED STATES OF AMERICA,2021,7,2021-02-15,weekly,1,46316,,USA,AMRO
UNITED STATES OF AMERICA,2021,8,2021-02-22,weekly,1,41613,,USA,AMRO
UNITED STATES OF AMERICA,2021,9,2021-03-01,weekly,1,35488,,USA,AMRO
UNITED STATES OF AMERICA,2021,10,2021-03-08,weekly,1,33568,,USA,AMRO
UNITED STATES OF AMERICA,2021,11,2021-03-15,weekly,1,32905,,USA,AMRO
UNITED STATES OF AMERICA,2021,12,2021-03-22,weekly,1,34774,,USA,AMRO
UNITED STATES OF AMERICA,2021,13,2021-03-29,weekly,1,35797,,USA,AMRO
UNITED STATES OF AMERICA,2021,14,2021-04-05,weekly,1,38960,,USA,AMRO
UNITED STATES OF AMERICA,2021,15,2021-04-12,weekly,1,39508,,USA,AMRO
UNITED STATES OF AMERICA,2021,16,2021-04-19,weekly,1,36349,,USA,AMRO
UNITED STATES OF AMERICA,2021,17,2021-04-26,weekly,1,33222,,USA,AMRO
UNITED STATES OF AMERICA,2021,18,2021-05-03,weekly,1,29483,,USA,AMRO
UNITED STATES OF AMERICA,2021,19,2021-05-10,weekly,1,25133,,USA,AMRO
UNITED STATES OF AMERICA,2021,20,2021-05-17,weekly,1,22378,,USA,AMRO
UNITED STATES OF AMERICA,2021,21,2021-05-24,weekly,1,19596,,USA,AMRO
UNITED STATES OF AMERICA,2021,22,2021-05-31,weekly,1,15687,,USA,AMRO
UNITED STATES OF AMERICA,2021,23,2021-06-07,weekly,1,14342,,USA,AMRO
UNITED STATES OF AMERICA,2021,24,2021-06-14,weekly,1,13203,,USA,AMRO
UNITED STATES OF AMERICA,2021,25,2021-06-21,weekly,1,12956,,USA,AMRO
UNITED STATES OF AMERICA,2021,26,2021-06-28,weekly,1,14228,,USA,AMRO
UNITED STATES OF AMERICA,2021,27,2021-07-05,weekly,1,17486,,USA,AMRO
UNITED STATES OF AMERICA,2021,28,2021-07-12,weekly,1,23428,,USA,AMRO
UNITED STATES OF AMERICA,2021,29,2021-07-19,weekly,1,34512,,USA,AMRO
UNITED STATES OF AMERICA,2021,30,2021-07-26,weekly,1,49999,,USA,AMRO
UNITED STATES OF AMERICA,2021,31,2021-08-02,weekly,1,66443,,USA,AMRO
UNITED STATES OF AMERICA,2021,32,2021-08-09,weekly,1,79295,,USA,AMRO
UNITED STATES OF AMERICA,2021,33,2021-08-16,weekly,1,85731,,USA,AMRO
UNITED STATES OF AMERICA,2021,34,2021-08-23,weekly,1,86033,,USA,AMRO
UNITED STATES OF AMERICA,2021,35,2021-08-30,weekly,1,84813,,USA,AMRO
UNITED STATES OF AMERICA,2021,36,2021-09-06,weekly,1,79797,,USA,AMRO
UNITED STATES OF AMERICA,2021,37,2021-09-13,weekly,1,71260,,USA,AMRO
UNITED STATES OF AMERICA,2021,38,2021-09-20,weekly,1,61680,,USA,AMRO
UNITED STATES OF AMERICA,2021,39,2021-09-27,weekly,1,52928,,USA,AMRO
UNITED STATES OF AMERICA,2021,40,2021-10-04,weekly,1,48459,,USA,AMRO
UNITED STATES OF AMERICA,2021,41,2021-10-11,weekly,1,43942,,USA,AMRO
UNITED STATES OF AMERICA,2021,42,2021-10-18,weekly,1,38614,,USA,AMRO
UNITED STATES OF AMERICA,2021,43,2021-10-25,weekly,1,35497,,USA,AMRO
UNITED STATES OF AMERICA,2021,44,2021-11-01,weekly,1,35209,,USA,AMRO
UNITED STATES OF AMERICA,2021,45,2021-11-08,weekly,1,37542,,USA,AMRO
UNITED STATES OF AMERICA,2021,46,2021-11-15,weekly,1,41417,,USA,AMRO
UNITED STATES OF AMERICA,2021,47,2021-11-22,weekly,1,44532,,USA,AMRO
UNITED STATES OF AMERICA,2021,48,2021-11-29,weekly,1,51150,,USA,AMRO
UNITED STATES OF AMERICA,2021,49,2021-12-06,weekly,1,55685,,USA,AMRO
UNITED STATES OF AMERICA,2021,50,2021-12-13,weekly,1,55314,,USA,AMRO
UNITED STATES OF AMERICA,2021,51,2021-12-20,weekly,1,63924,,USA,AMRO
UNITED STATES OF AMERICA,2021,52,2021-12-27,weekly,1,104874,,USA,AMRO
UNITED STATES OF AMERICA,2022,1,2022-01-03,weekly,1,141114,,USA,AMRO
UNITED STATES OF AMERICA,2022,2,2022-01-10,weekly,1,152430,,USA,AMRO
UNITED STATES OF AMERICA,2022,3,2022-01-17,weekly,1,141169,,USA,AMRO
UNITED STATES OF AMERICA,2022,4,2022-01-24,weekly,1,123103,,USA,AMRO
UNITED STATES OF AMERICA,2022,5,2022-01-31,weekly,1,93872,,USA,AMRO
UNITED STATES OF AMERICA,2022,6,2022-02-07,weekly,1,69583,,USA,AMRO
UNITED STATES OF AMERICA,2022,7,2022-02-14,weekly,1,47576,,USA,AMRO
UNITED STATES OF AMERICA,2022,8,2022-02-21,weekly,1,33693,,USA,AMRO
UNITED STATES OF AMERICA,2022,9,2022-02-28,weekly,1,24717,,USA,AMRO
UNITED STATES OF AMERICA,2022,10,2022-03-07,weekly,1,17965,,USA,AMRO
UNITED STATES OF AMERICA,2022,11,2022-03-14,weekly,1,14022,,USA,AMRO
UNITED STATES OF AMERICA,2022,12,2022-03-21,weekly,1,11982,,USA,AMRO
UNITED STATES OF AMERICA,2022,13,2022-03-28,weekly,1,10289,,USA,AMRO
UNITED STATES OF AMERICA,2022,14,2022-04-04,weekly,1,10388,,USA,AMRO
UNITED STATES OF AMERICA,2022,15,2022-04-11,weekly,1,10905,,USA,AMRO
UNITED STATES OF AMERICA,2022,16,2022-04-18,weekly,1,12770,,USA,AMRO
UNITED STATES OF AMERICA,2022,17,2022-04-25,weekly,1,15447,,USA,AMRO
UNITED STATES OF AMERICA,2022,18,2022-05-02,weekly,1,18570,,USA,AMRO
UNITED STATES OF AMERICA,2022,19,2022-05-09,weekly,1,21756,,USA,AMRO
UNITED STATES OF AMERICA,2022,20,2022-05-16,weekly,1,25138,,USA,AMRO
UNITED STATES OF AMERICA,2022,21,2022-05-23,weekly,1,27378,,USA,AMRO
UNITED STATES OF AMERICA,2022,22,2022-05-30,weekly,1,28781,,USA,AMRO
UNITED STATES OF AMERICA,2022,23,2022-06-06,weekly,1,30199,,USA,AMRO
UNITED STATES OF AMERICA,2022,24,2022-06-13,weekly,1,30959,,USA,AMRO
UNITED STATES OF AMERICA,2022,25,2022-06-20,weekly,1,34114,,USA,AMRO
UNITED STATES OF AMERICA,2022,26,2022-06-27,weekly,1,36674,,USA,AMRO
UNITED STATES OF AMERICA,2022,27,2022-07-04,weekly,1,40630,,USA,AMRO
UNITED STATES OF AMERICA,2022,28,2022-07-11,weekly,1,43785,,USA,AMRO
UNITED STATES OF AMERICA,2022,29,2022-07-18,weekly,1,46031,,USA,AMRO
UNITED STATES OF AMERICA,2022,30,2022-07-25,weekly,1,44726,,USA,AMRO
UNITED STATES OF AMERICA,2022,31,2022-08-01,weekly,1,43667,,USA,AMRO
UNITED STATES OF AMERICA,2022,32,2022-08-08,weekly,1,41879,,USA,AMRO
UNITED STATES OF AMERICA,2022,33,2022-08-15,weekly,1,38880,,USA,AMRO
UNITED STATES OF AMERICA,2022,34,2022-08-22,weekly,1,36892,,USA,AMRO
UNITED STATES OF AMERICA,2022,35,2022-08-29,weekly,1,34453,,USA,AMRO
UNITED STATES OF AMERICA,2022,36,2022-09-05,weekly,1,31518,,USA,AMRO
UNITED STATES OF AMERICA,2022,37,2022-09-12,weekly,1,29076,,USA,AMRO
UNITED STATES OF AMERICA,2022,38,2022-09-19,weekly,1,26838,,USA,AMRO
UNITED STATES OF AMERICA,2022,39,2022-09-26,weekly,1,24513,,USA,AMRO
UNITED STATES OF AMERICA,2022,40,2022-10-03,weekly,1,23628,,USA,AMRO
UNITED STATES OF AMERICA,2022,41,2022-10-10,weekly,1,23097,,USA,AMRO
UNITED STATES OF AMERICA,2022,42,2022-10-17,weekly,1,23099,,USA,AMRO
UNITED STATES OF AMERICA,2022,43,2022-10-24,weekly,1,23623,,USA,AMRO
UNITED STATES OF AMERICA,2022,44,2022-10-31,weekly,1,24247,,USA,AMRO
UNITED STATES OF AMERICA,2022,45,2022-11-07,weekly,1,24186,,USA,AMRO
UNITED STATES OF AMERICA,2022,46,2022-11-14,weekly,1,24768,,USA,AMRO
UNITED STATES OF AMERICA,2022,47,2022-11-21,weekly,1,27909,,USA,AMRO
UNITED STATES OF AMERICA,2022,48,2022-11-28,weekly,1,34379,,USA,AMRO
UNITED STATES OF AMERICA,2022,49,2022-12-05,weekly,1,35631,,USA,AMRO
UNITED STATES OF AMERICA,2022,50,2022-12-12,weekly,1,37820,,USA,AMRO
UNITED STATES OF AMERICA,2022,51,2022-12-19,weekly,1,39362,,USA,AMRO
UNITED STATES OF AMERICA,2022,52,2022-12-26,weekly,1,46168,,USA,AMRO
UNITED STATES OF AMERICA,2023,1,2023-01-02,weekly,1,43682,,USA,AMRO
UNITED STATES OF AMERICA,2023,2,2023-01-09,weekly,1,36711,,USA,AMRO
UNITED STATES OF AMERICA,2023,3,2023-01-16,weekly,1,31268,,USA,AMRO
UNITED STATES OF AMERICA,2023,4,2023-01-23,weekly,1,28238,,USA,AMRO
UNITED STATES OF AMERICA,2023,5,2023-01-30,weekly,1,26277,,USA,AMRO
UNITED STATES OF AMERICA,2023,6,2023-02-06,weekly,1,26488,,USA,AMRO
UNITED STATES OF AMERICA,2023,7,2023-02-13,weekly,1,25557,,USA,AMRO
UNITED STATES OF AMERICA,2023,8,2023-02-20,weekly,1,23849,,USA,AMRO
UNITED STATES OF AMERICA,2023,9,2023-02-27,weekly,1,22354,,USA,AMRO
UNITED STATES OF AMERICA,2023,10,2023-03-06,weekly,1,19896,,USA,AMRO
UNITED STATES OF AMERICA,2023,11,2023-03-13,weekly,1,18051,,USA,AMRO
UNITED STATES OF AMERICA,2023,12,2023-03-20,weekly,1,17235,,USA,AMRO
UNITED STATES OF AMERICA,2023,13,2023-03-27,weekly,1,15721,,USA,AMRO
UNITED STATES OF AMERICA,2023,14,2023-04-03,weekly,1,14231,,USA,AMRO
UNITED STATES OF AMERICA,2023,15,2023-04-10,weekly,1,13363,,USA,AMRO
UNITED STATES OF AMERICA,2023,16,2023-04-17,weekly,1,11799,,USA,AMRO
UNITED STATES OF AMERICA,2023,17,2023-04-24,weekly,1,10261,,USA,AMRO
